{"resourceType":"ValueSet","id":"cdex-pwk01-attachment-report-type-code","text":{"status":"generated","div":"<div xmlns=\"http://www.w3.org/1999/xhtml\"><p class=\"res-header-id\"><b>Generated Narrative: ValueSet cdex-pwk01-attachment-report-type-code</b></p><a name=\"cdex-pwk01-attachment-report-type-code\"> </a><a name=\"hccdex-pwk01-attachment-report-type-code\"> </a><a name=\"cdex-pwk01-attachment-report-type-code-en-US\"> </a><ul><li>Include all codes defined in <code>https://codesystem.x12.org/005010/755</code></li></ul></div>"},"extension":[{"url":"http://hl7.org/fhir/StructureDefinition/structuredefinition-wg","valueCode":"claims"},{"url":"http://hl7.org/fhir/StructureDefinition/structuredefinition-fmm","valueInteger":2,"_valueInteger":{"extension":[{"url":"http://hl7.org/fhir/StructureDefinition/structuredefinition-conformance-derivedFrom","valueCanonical":"http://hl7.org/fhir/us/davinci-cdex/ImplementationGuide/hl7.fhir.us.davinci-cdex"}]}},{"url":"http://hl7.org/fhir/StructureDefinition/structuredefinition-standards-status","valueCode":"trial-use","_valueCode":{"extension":[{"url":"http://hl7.org/fhir/StructureDefinition/structuredefinition-conformance-derivedFrom","valueCanonical":"http://hl7.org/fhir/us/davinci-cdex/ImplementationGuide/hl7.fhir.us.davinci-cdex"}]}}],"url":"http://hl7.org/fhir/us/davinci-cdex/ValueSet/cdex-pwk01-attachment-report-type-code","identifier":[{"system":"http://loinc.org","value":"valid-hl7-attachment-requests"},{"system":"urn:ietf:rfc:3986","value":"urn:oid:1.3.6.1.4.1.12009.10.2.6"}],"version":"2.1.0","name":"CDexPWK01AttachmentReportTypeCodeValueSet","title":"CDex PWK01 Attachment Report Type Code Value Set","status":"active","experimental":false,"date":"2024-05-10","publisher":"HL7 International / Payer/Provider Information Exchange Work Group","contact":[{"name":"HL7 International / Payer/Provider Information Exchange Work Group","telecom":[{"system":"url","value":"http://www.hl7.org/Special/committees/claims"},{"system":"email","value":"pie@lists.hl7.org"}]}],"description":"In addition to using LOINC attachment codes, a payer may request for additional information from the provider to support a prior authorization request using X12's PWK01 Attachment Report Type Code.\n\nNote that the PWK01 codes will not be published in due to X12 IP restrictions.\n","jurisdiction":[{"coding":[{"system":"urn:iso:std:iso:3166","code":"US"}]}],"copyright":"All X12 work products are copyrighted. Any use of any X12 work product must be compliant with US Copyright laws and X12 Intellectual Property policies.\r\n\r\nPlease see [https://x12.org/products/licensing-program](https://x12.org/products/licensing-program)","compose":{"include":[{"system":"https://codesystem.x12.org/005010/755"}]}}