{"resourceType":"ValueSet","id":"cdex-identifier-types","text":{"status":"extensions","div":"<div xmlns=\"http://www.w3.org/1999/xhtml\"><p class=\"res-header-id\"><b>Generated Narrative: ValueSet cdex-identifier-types</b></p><a name=\"cdex-identifier-types\"> </a><a name=\"hccdex-identifier-types\"> </a><a name=\"cdex-identifier-types-en-US\"> </a><ul><li>Include these codes as defined in <a href=\"http://terminology.hl7.org/5.5.0/CodeSystem-v2-0203.html\"><code>http://terminology.hl7.org/CodeSystem/v2-0203</code></a><table class=\"none\"><tr><td style=\"white-space:nowrap\"><b>Code</b></td><td><b>Display</b></td><td><b>Definition</b></td></tr><tr><td><a href=\"http://terminology.hl7.org/5.5.0/CodeSystem-v2-0203.html#v2-0203-TAX\">TAX</a></td><td style=\"color: #cccccc\">Tax ID number</td><td>Tax ID number</td></tr><tr><td><a href=\"http://terminology.hl7.org/5.5.0/CodeSystem-v2-0203.html#v2-0203-NPI\">NPI</a></td><td style=\"color: #cccccc\">National provider identifier</td><td>National provider identifier</td></tr></table></li></ul></div>"},"extension":[{"url":"http://hl7.org/fhir/StructureDefinition/structuredefinition-wg","valueCode":"claims"},{"url":"http://hl7.org/fhir/StructureDefinition/structuredefinition-fmm","valueInteger":2,"_valueInteger":{"extension":[{"url":"http://hl7.org/fhir/StructureDefinition/structuredefinition-conformance-derivedFrom","valueCanonical":"http://hl7.org/fhir/us/davinci-cdex/ImplementationGuide/hl7.fhir.us.davinci-cdex"}]}},{"url":"http://hl7.org/fhir/StructureDefinition/structuredefinition-standards-status","valueCode":"trial-use","_valueCode":{"extension":[{"url":"http://hl7.org/fhir/StructureDefinition/structuredefinition-conformance-derivedFrom","valueCanonical":"http://hl7.org/fhir/us/davinci-cdex/ImplementationGuide/hl7.fhir.us.davinci-cdex"}]}}],"url":"http://hl7.org/fhir/us/davinci-cdex/ValueSet/cdex-identifier-types","identifier":[{"system":"urn:ietf:rfc:3986","value":"urn:oid:2.16.840.1.113883.4.642.40.21.48.4"}],"version":"2.1.0","name":"CDexIdentifierTypes","title":"CDex Identifier Types Value Set","status":"active","experimental":false,"date":"2022-10-24","publisher":"HL7 International / Payer/Provider Information Exchange Work Group","contact":[{"name":"HL7 International / Payer/Provider Information Exchange Work Group","telecom":[{"system":"url","value":"http://www.hl7.org/Special/committees/claims"},{"system":"email","value":"pie@lists.hl7.org"}]}],"description":"Identifier types for providers and organizations. It includes the codes “TAX” and “NPI”.","jurisdiction":[{"coding":[{"system":"urn:iso:std:iso:3166","code":"US"}]}],"copyright":"Used by permission of HL7 International all rights reserved Creative Commons License","compose":{"include":[{"system":"http://terminology.hl7.org/CodeSystem/v2-0203","concept":[{"code":"TAX"},{"code":"NPI"}]}]}}