{
  "resourceType" : "Bundle",
  "id" : "cdex-searchbundle-provenance-example",
  "meta" : {
    "lastUpdated" : "2020-10-23T04:54:56.048+00:00"
  },
  "type" : "searchset",
  "total" : 1,
  "link" : [{
    "relation" : "self",
    "url" : "http://hapi.fhir.org/baseR4/Condition?patient=06e1f0dd-5fbe-4480-9bb4-6b54ec02d31b&clinical-status=active,recurrance,remission&_revinclude=Provenance:target"
  }],
  "entry" : [{
    "fullUrl" : "http://hapi.fhir.org/baseR4/Condition/4ac41715-fcbd-421c-8796-9b2c9706dd3f",
    "resource" : {
      "resourceType" : "Condition",
      "id" : "4ac41715-fcbd-421c-8796-9b2c9706dd3f",
      "meta" : {
        "versionId" : "10",
        "lastUpdated" : "2020-04-28T20:28:00.008+00:00",
        "source" : "#cabiJIK51sD2iz4N"
      },
      "text" : {
        "status" : "generated",
        "div" : "<div xmlns=\"http://www.w3.org/1999/xhtml\"><a name=\"Condition_4ac41715-fcbd-421c-8796-9b2c9706dd3f\"> </a><p class=\"res-header-id\"><b>Generated Narrative: Condition 4ac41715-fcbd-421c-8796-9b2c9706dd3f</b></p><a name=\"4ac41715-fcbd-421c-8796-9b2c9706dd3f\"> </a><a name=\"hc4ac41715-fcbd-421c-8796-9b2c9706dd3f\"> </a><a name=\"4ac41715-fcbd-421c-8796-9b2c9706dd3f-en-US\"> </a><div style=\"display: inline-block; background-color: #d9e0e7; padding: 6px; margin: 4px; border: 1px solid #8da1b4; border-radius: 5px; line-height: 60%\"><p style=\"margin-bottom: 0px\">version: 10; Last updated: 2020-04-28 20:28:00+0000; </p><p style=\"margin-bottom: 0px\">Information Source: #cabiJIK51sD2iz4N</p></div><p><b>clinicalStatus</b>: <span title=\"Codes:{http://terminology.hl7.org/CodeSystem/condition-clinical active}\">Active</span></p><p><b>verificationStatus</b>: <span title=\"Codes:{http://terminology.hl7.org/CodeSystem/condition-ver-status confirmed}\">Confirmed</span></p><p><b>category</b>: <span title=\"Codes:{http://terminology.hl7.org/CodeSystem/condition-category encounter-diagnosis}\">Encounter Diagnosis</span></p><p><b>code</b>: <span title=\"Codes:{http://snomed.info/sct 122481008}\">Hammer Toe</span></p><p><b>subject</b>: <a href=\"http://example.org/cdex/provider/fhir/Patient/06e1f0dd-5fbe-4480-9bb4-6b54ec02d31b\">http://example.org/cdex/provider/fhir/Patient/06e1f0dd-5fbe-4480-9bb4-6b54ec02d31b</a></p><p><b>encounter</b>: <a href=\"http://example.org/cdex/provider/fhir/Encounter/5fe62cd5-bfcf-4d3b-a1e9-80d6f75d6f82\">http://example.org/cdex/provider/fhir/Encounter/5fe62cd5-bfcf-4d3b-a1e9-80d6f75d6f82</a></p><p><b>onset</b>: 2018-10-21 21:22:15-0700</p><p><b>recordedDate</b>: 2018-10-21 21:22:15-0700</p></div>"
      },
      "clinicalStatus" : {
        "coding" : [{
          "system" : "http://terminology.hl7.org/CodeSystem/condition-clinical",
          "code" : "active"
        }]
      },
      "verificationStatus" : {
        "coding" : [{
          "system" : "http://terminology.hl7.org/CodeSystem/condition-ver-status",
          "code" : "confirmed"
        }]
      },
      "category" : [{
        "coding" : [{
          "system" : "http://terminology.hl7.org/CodeSystem/condition-category",
          "code" : "encounter-diagnosis",
          "display" : "Encounter Diagnosis"
        }]
      }],
      "code" : {
        "coding" : [{
          "system" : "http://snomed.info/sct",
          "code" : "122481008",
          "display" : "Hammer toe (disorder)"
        }],
        "text" : "Hammer Toe"
      },
      "subject" : {
        "reference" : "http://example.org/cdex/provider/fhir/Patient/06e1f0dd-5fbe-4480-9bb4-6b54ec02d31b"
      },
      "encounter" : {
        "reference" : "http://example.org/cdex/provider/fhir/Encounter/5fe62cd5-bfcf-4d3b-a1e9-80d6f75d6f82"
      },
      "onsetDateTime" : "2018-10-21T21:22:15-07:00",
      "recordedDate" : "2018-10-21T21:22:15-07:00"
    },
    "search" : {
      "mode" : "match"
    }
  },
  {
    "fullUrl" : "http://hapi.fhir.org/baseR4/Provenance/b2ce4584-b213-411b-bdc9-d515dc92eadf",
    "resource" : {
      "resourceType" : "Provenance",
      "id" : "b2ce4584-b213-411b-bdc9-d515dc92eadf",
      "text" : {
        "status" : "generated",
        "div" : "<div xmlns=\"http://www.w3.org/1999/xhtml\"><a name=\"Provenance_b2ce4584-b213-411b-bdc9-d515dc92eadf\"> </a><p class=\"res-header-id\"><b>Generated Narrative: Provenance b2ce4584-b213-411b-bdc9-d515dc92eadf</b></p><a name=\"b2ce4584-b213-411b-bdc9-d515dc92eadf\"> </a><a name=\"hcb2ce4584-b213-411b-bdc9-d515dc92eadf\"> </a><a name=\"b2ce4584-b213-411b-bdc9-d515dc92eadf-en-US\"> </a><p>Provenance for <a href=\"Bundle-cdex-bundle-inline-example-858p.html#Condition_4ac41715-fcbd-421c-8796-9b2c9706dd3f\">Bundle: type = searchset; total = 1</a></p><p>Summary</p><table class=\"grid\"><tr><td>Recorded</td><td>2018-10-21 21:22:15-0700</td></tr></table><p><b>Agents</b></p><table class=\"grid\"><tr><td><b>Type</b></td><td><b>who</b></td><td><b>On Behalf Of</b></td></tr><tr><td><span title=\"Codes:{http://terminology.hl7.org/CodeSystem/provenance-participant-type author}\">Author</span></td><td><a href=\"http://hl7.org/fhir/us/davinci-hrex/STU1/Practitioner-min.html\">Practitioner/min</a></td><td><a href=\"http://hl7.org/fhir/us/davinci-hrex/STU1.1/Organization-min.html\">Organization New Health Plan</a></td></tr></table></div>"
      },
      "target" : [{
        "reference" : "Condition/4ac41715-fcbd-421c-8796-9b2c9706dd3f"
      }],
      "recorded" : "2018-10-21T21:22:15-07:00",
      "agent" : [{
        "type" : {
          "coding" : [{
            "system" : "http://terminology.hl7.org/CodeSystem/provenance-participant-type",
            "code" : "author",
            "display" : "Author"
          }]
        },
        "who" : {
          "reference" : "Practitioner/min"
        },
        "onBehalfOf" : {
          "reference" : "Organization/min"
        }
      }]
    },
    "search" : {
      "mode" : "include"
    }
  }]
}