{
  "resourceType" : "Condition",
  "id" : "cdex-condition-inline-example-858",
  "text" : {
    "status" : "generated",
    "div" : "<div xmlns=\"http://www.w3.org/1999/xhtml\"><p class=\"res-header-id\"><b>Generated Narrative: Condition cdex-condition-inline-example-858</b></p><a name=\"cdex-condition-inline-example-858\"> </a><a name=\"hccdex-condition-inline-example-858\"> </a><a name=\"cdex-condition-inline-example-858-en-US\"> </a><p><b>identifier</b>: <code>urn:oid:1.3.6.1.4.1.22812.4.111.0.4.1.2.1</code>/1</p><p><b>clinicalStatus</b>: <span title=\"Codes:{http://terminology.hl7.org/CodeSystem/condition-clinical active}\">Active</span></p><p><b>category</b>: <span title=\"Codes:{http://terminology.hl7.org/CodeSystem/condition-category problem-list-item}\">Problem List Item</span></p><p><b>code</b>: <span title=\"Codes:{http://snomed.info/sct 44054006}\">Type 2 Diabetes Mellitus</span></p><p><b>subject</b>: <a href=\"http://example.org/fhir/Patient/cdex-example-patient\">http://example.org/fhir/Patient/cdex-example-patient</a></p><p><b>onset</b>: 2006</p><p><b>asserter</b>: <a href=\"http://example.org/fhir/PractitionerRole/126\">http://example.org/fhir/PractitionerRole/126</a></p></div>"
  },
  "identifier" : [{
    "system" : "urn:oid:1.3.6.1.4.1.22812.4.111.0.4.1.2.1",
    "value" : "1"
  }],
  "clinicalStatus" : {
    "coding" : [{
      "system" : "http://terminology.hl7.org/CodeSystem/condition-clinical",
      "code" : "active"
    }]
  },
  "category" : [{
    "coding" : [{
      "system" : "http://terminology.hl7.org/CodeSystem/condition-category",
      "code" : "problem-list-item",
      "display" : "Problem List Item"
    }],
    "text" : "Problem List Item"
  }],
  "code" : {
    "coding" : [{
      "system" : "http://snomed.info/sct",
      "code" : "44054006",
      "display" : "Type 2 Diabetes Mellitus"
    }]
  },
  "subject" : {
    "reference" : "http://example.org/fhir/Patient/cdex-example-patient"
  },
  "onsetDateTime" : "2006",
  "asserter" : {
    "reference" : "http://example.org/fhir/PractitionerRole/126"
  }
}