{
  "resourceType" : "OperationOutcome",
  "text" : {
    "status" : "generated",
    "div" : "<div xmlns=\"http://www.w3.org/1999/xhtml\">\n      <p>The attachments can not be associated with a current claim or prior authorization and are being held for association with a future claim or prior authorization.</p>\n    </div>"
  },
  "issue" : [{
    "severity" : "information",
    "code" : "informational",
    "details" : {
      "text" : "The attachments can not be associated with a current claim or prior authorization and are being held for association with a future claim or prior authorization."
    }
  }]
}