{
  "resourceType" : "Provenance",
  "id" : "cdex-provenance-inline-example-858",
  "text" : {
    "status" : "generated",
    "div" : "<div xmlns=\"http://www.w3.org/1999/xhtml\"><p class=\"res-header-id\"><b>Generated Narrative: Provenance cdex-provenance-inline-example-858</b></p><a name=\"cdex-provenance-inline-example-858\"> </a><a name=\"hccdex-provenance-inline-example-858\"> </a><a name=\"cdex-provenance-inline-example-858-en-US\"> </a><p>Provenance for <a href=\"Condition-cdex-condition-inline-example-858.html\">Condition Type 2 Diabetes Mellitus</a></p><p>Summary</p><table class=\"grid\"><tr><td>Recorded</td><td>2021-12-01 22:34:05-0800</td></tr></table><p><b>Agents</b></p><table class=\"grid\"><tr><td><b>Type</b></td><td><b>who</b></td><td><b>On Behalf Of</b></td></tr><tr><td><span title=\"Codes:{http://terminology.hl7.org/CodeSystem/provenance-participant-type author}\">Author</span></td><td><a href=\"http://example.org/fhir/Practitioner/123\">http://example.org/fhir/Practitioner/123</a></td><td><a href=\"http://hl7.org/fhir/us/davinci-hrex/STU1.1/Organization-min.html\">Organization New Health Plan</a></td></tr></table></div>"
  },
  "target" : [{
    "reference" : "Condition/cdex-condition-inline-example-858"
  }],
  "recorded" : "2021-12-01T22:34:05-08:00",
  "agent" : [{
    "type" : {
      "coding" : [{
        "system" : "http://terminology.hl7.org/CodeSystem/provenance-participant-type",
        "code" : "author",
        "display" : "Author"
      }]
    },
    "who" : {
      "reference" : "http://example.org/fhir/Practitioner/123"
    },
    "onBehalfOf" : {
      "reference" : "Organization/min"
    }
  }]
}