{
  "resourceType" : "Task",
  "id" : "cdex-task-example21",
  "text" : {
    "status" : "generated",
    "div" : "<div xmlns=\"http://www.w3.org/1999/xhtml\"><p class=\"res-header-id\"><b>Generated Narrative: Task cdex-task-example21</b></p><a name=\"cdex-task-example21\"> </a><a name=\"hccdex-task-example21\"> </a><a name=\"cdex-task-example21-en-US\"> </a><p><b>status</b>: Requested</p><p><b>intent</b>: order</p><p><b>code</b>: <span title=\"Codes:{http://hl7.org/fhir/us/davinci-cdex/CodeSystem/cdex-temp data-request-code}\">Data Request Code</span></p><p><b>for</b>: <a href=\"http://example.org/fhir/Patient/cdex-example-patient\">http://example.org/fhir/Patient/cdex-example-patient</a></p><p><b>authoredOn</b>: 2020-10-27 11:05:34-0700</p><p><b>lastModified</b>: 2020-10-27 11:05:34-0700</p><p><b>requester</b>: <a href=\"http://example.org/fhir/Organization/cdex-example-payer\">http://example.org/fhir/Organization/cdex-example-payer</a></p><p><b>owner</b>: <a href=\"http://example.org/fhir/Organization/cdex-example-provider\">http://example.org/fhir/Organization/cdex-example-provider</a></p><blockquote><p><b>input</b></p><p><b>type</b>: <span title=\"Codes:{http://hl7.org/fhir/us/davinci-hrex/CodeSystem/hrex-temp data-code}\">data code input</span></p><p><b>value</b>: <span title=\"Codes:{http://loinc.org 11504-8}\">Surgical operation note</span></p></blockquote><blockquote><p><b>input</b></p><p><b>type</b>: <span title=\"Codes:{http://hl7.org/fhir/us/davinci-cdex/CodeSystem/cdex-temp purpose-of-use}\">Purpose Of Use</span></p><p><b>value</b>: <span title=\"Codes:{http://terminology.hl7.org/CodeSystem/v3-ActReason COC}\">coordination of care</span></p></blockquote></div>"
  },
  "status" : "requested",
  "intent" : "order",
  "code" : {
    "coding" : [{
      "system" : "http://hl7.org/fhir/us/davinci-cdex/CodeSystem/cdex-temp",
      "code" : "data-request-code"
    }]
  },
  "for" : {
    "reference" : "http://example.org/fhir/Patient/cdex-example-patient"
  },
  "authoredOn" : "2020-10-27T11:05:34-07:00",
  "lastModified" : "2020-10-27T11:05:34-07:00",
  "requester" : {
    "reference" : "http://example.org/fhir/Organization/cdex-example-payer"
  },
  "owner" : {
    "reference" : "http://example.org/fhir/Organization/cdex-example-provider"
  },
  "input" : [{
    "type" : {
      "coding" : [{
        "system" : "http://hl7.org/fhir/us/davinci-hrex/CodeSystem/hrex-temp",
        "code" : "data-code"
      }]
    },
    "valueCodeableConcept" : {
      "coding" : [{
        "system" : "http://loinc.org",
        "code" : "11504-8"
      }],
      "text" : "Surgical operation note"
    }
  },
  {
    "type" : {
      "coding" : [{
        "system" : "http://hl7.org/fhir/us/davinci-cdex/CodeSystem/cdex-temp",
        "code" : "purpose-of-use"
      }]
    },
    "valueCodeableConcept" : {
      "coding" : [{
        "system" : "http://terminology.hl7.org/CodeSystem/v3-ActReason",
        "code" : "COC"
      }]
    }
  }]
}