{
  "resourceType" : "Task",
  "id" : "cdex-task-example11",
  "text" : {
    "status" : "generated",
    "div" : "<div xmlns=\"http://www.w3.org/1999/xhtml\"><p class=\"res-header-id\"><b>Generated Narrative: Task cdex-task-example11</b></p><a name=\"cdex-task-example11\"> </a><a name=\"hccdex-task-example11\"> </a><a name=\"cdex-task-example11-en-US\"> </a><p><b>basedOn</b>: <a href=\"http://example.org/fhir/CommunicationRequest/cdex-example-authorization\">http://example.org/fhir/CommunicationRequest/cdex-example-authorization</a></p><p><b>status</b>: Requested</p><p><b>intent</b>: order</p><p><b>code</b>: <span title=\"Codes:{http://hl7.org/fhir/us/davinci-cdex/CodeSystem/cdex-temp data-request-query}\">Data Request Query</span></p><p><b>for</b>: Identifier: Member Number/Member123</p><p><b>authoredOn</b>: 2020-10-26 02:58:55+0000</p><p><b>lastModified</b>: 2020-10-26 02:58:55+0000</p><p><b>requester</b>: Identifier: <code>http://example.org/cdex/payer/payer-ids</code>/Payer123</p><p><b>owner</b>: Identifier: <a href=\"http://terminology.hl7.org/5.3.0/NamingSystem-npi.html\" title=\"National Provider Identifier\">United States National Provider Identifier</a>/9941339108</p><p><b>reasonReference</b>: Identifier: Payer Claim ID/Claim123</p><blockquote><p><b>input</b></p><p><b>type</b>: <span title=\"Codes:{http://hl7.org/fhir/us/davinci-hrex/CodeSystem/hrex-temp data-query}\">data query input</span></p><p><b>value</b>: Condition?patient=cdex-example-patient&amp;clinical-status=active,recurrance,remission</p></blockquote><blockquote><p><b>input</b></p><p><b>type</b>: <span title=\"Codes:{http://hl7.org/fhir/us/davinci-cdex/CodeSystem/cdex-temp purpose-of-use}\">Purpose Of Use</span></p><p><b>value</b>: <span title=\"Codes:{http://terminology.hl7.org/CodeSystem/v3-ActReason TREAT}\">treatment</span></p></blockquote></div>"
  },
  "basedOn" : [{
    "reference" : "http://example.org/fhir/CommunicationRequest/cdex-example-authorization"
  }],
  "status" : "requested",
  "intent" : "order",
  "code" : {
    "coding" : [{
      "system" : "http://hl7.org/fhir/us/davinci-cdex/CodeSystem/cdex-temp",
      "code" : "data-request-query"
    }]
  },
  "for" : {
    "identifier" : {
      "type" : {
        "coding" : [{
          "system" : "http://terminology.hl7.org/CodeSystem/v2-0203",
          "code" : "MB",
          "display" : "Member Number"
        }],
        "text" : "Member Number"
      },
      "system" : "http://example.org/cdex/payer/member-ids",
      "value" : "Member123"
    }
  },
  "authoredOn" : "2020-10-26T02:58:55.179Z",
  "lastModified" : "2020-10-26T02:58:55.179Z",
  "requester" : {
    "identifier" : {
      "system" : "http://example.org/cdex/payer/payer-ids",
      "value" : "Payer123"
    }
  },
  "owner" : {
    "identifier" : {
      "system" : "http://hl7.org/fhir/sid/us-npi",
      "value" : "9941339108"
    }
  },
  "reasonReference" : {
    "identifier" : {
      "type" : {
        "coding" : [{
          "system" : "http://terminology.hl7.org/CodeSystem/v2-0203",
          "code" : "FILL",
          "display" : "Filler Identifier"
        }],
        "text" : "Payer Claim ID"
      },
      "system" : "http://example.org/cdex/payer/claim-ids",
      "value" : "Claim123"
    }
  },
  "input" : [{
    "type" : {
      "coding" : [{
        "system" : "http://hl7.org/fhir/us/davinci-hrex/CodeSystem/hrex-temp",
        "code" : "data-query"
      }]
    },
    "valueString" : "Condition?patient=cdex-example-patient&clinical-status=active,recurrance,remission"
  },
  {
    "type" : {
      "coding" : [{
        "system" : "http://hl7.org/fhir/us/davinci-cdex/CodeSystem/cdex-temp",
        "code" : "purpose-of-use"
      }]
    },
    "valueCodeableConcept" : {
      "coding" : [{
        "system" : "http://terminology.hl7.org/CodeSystem/v3-ActReason",
        "code" : "TREAT"
      }]
    }
  }]
}