{
  "resourceType" : "ValueSet",
  "id" : "cdex-data-request-task-code",
  "text" : {
    "status" : "extensions",
    "div" : "<div xmlns=\"http://www.w3.org/1999/xhtml\"><p class=\"res-header-id\"><b>Generated Narrative: ValueSet cdex-data-request-task-code</b></p><a name=\"cdex-data-request-task-code\"> </a><a name=\"hccdex-data-request-task-code\"> </a><a name=\"cdex-data-request-task-code-en-US\"> </a><ul><li>Include these codes as defined in <a href=\"CodeSystem-cdex-temp.html\"><code>http://hl7.org/fhir/us/davinci-cdex/CodeSystem/cdex-temp</code></a><table class=\"none\"><tr><td style=\"white-space:nowrap\"><b>Code</b></td><td><b>Display</b></td><td><b>Definition</b></td></tr><tr><td><a href=\"CodeSystem-cdex-temp.html#cdex-temp-data-request-code\">data-request-code</a></td><td style=\"color: #cccccc\">Data Request Code</td><td>A Task requesting data using a code.</td></tr><tr><td><a href=\"CodeSystem-cdex-temp.html#cdex-temp-data-request-query\">data-request-query</a></td><td style=\"color: #cccccc\">Data Request Query</td><td>A Task requesting data using FHIR query syntax.</td></tr><tr><td><a href=\"CodeSystem-cdex-temp.html#cdex-temp-data-request-questionnaire\">data-request-questionnaire</a></td><td style=\"color: #cccccc\">Data Request Questionnaire</td><td>A Task requesting data using a data request questionnaire ([FHIR Questionnaire](http://hl7.org/fhir/questionnaire.html)).</td></tr></table></li></ul></div>"
  },
  "extension" : [{
    "url" : "http://hl7.org/fhir/StructureDefinition/structuredefinition-standards-status",
    "valueCode" : "trial-use"
  },
  {
    "url" : "http://hl7.org/fhir/StructureDefinition/structuredefinition-fmm",
    "valueInteger" : 1
  },
  {
    "url" : "http://hl7.org/fhir/StructureDefinition/structuredefinition-wg",
    "valueCode" : "claims"
  }],
  "url" : "http://hl7.org/fhir/us/davinci-cdex/ValueSet/cdex-data-request-task-code",
  "identifier" : [{
    "system" : "urn:ietf:rfc:3986",
    "value" : "urn:oid:2.16.840.1.113883.4.642.40.21.48.3"
  }],
  "version" : "2.1.0",
  "name" : "CDexDataRequestTaskCode",
  "title" : "CDex Data Request Task Code Value Set",
  "status" : "active",
  "experimental" : false,
  "date" : "2022-12-23",
  "publisher" : "HL7 International / Payer/Provider Information Exchange Work Group",
  "contact" : [{
    "name" : "HL7 International / Payer/Provider Information Exchange Work Group",
    "telecom" : [{
      "system" : "url",
      "value" : "http://www.hl7.org/Special/committees/claims"
    },
    {
      "system" : "email",
      "value" : "pie@lists.hl7.org"
    }]
  }],
  "description" : "Codes used to identify the type of data request. It includes the codes “data-request-query”, “data-request-code”, and “data-request-questionnaire”.",
  "jurisdiction" : [{
    "coding" : [{
      "system" : "urn:iso:std:iso:3166",
      "code" : "US"
    }]
  }],
  "copyright" : "Used by permission of HL7 International all rights reserved Creative Commons License",
  "compose" : {
    "include" : [{
      "system" : "http://hl7.org/fhir/us/davinci-cdex/CodeSystem/cdex-temp",
      "concept" : [{
        "code" : "data-request-code"
      },
      {
        "code" : "data-request-query"
      },
      {
        "code" : "data-request-questionnaire"
      }]
    }]
  }
}