{
  "resourceType" : "Bundle",
  "id" : "74dbb24f-0d76-41e6-b29d-e4ca126db3d0",
  "meta" : {
    "lastUpdated" : "2025-01-09T20:34:26.294+00:00"
  },
  "type" : "collection",
  "entry" : [{
    "fullUrl" : "http://hl7.org/fhir/us/davinci-cdex/ValueSet/cdex-POU",
    "resource" : {
      "resourceType" : "ValueSet",
      "text" : {
        "status" : "generated",
        "div" : "<div xmlns=\"http://www.w3.org/1999/xhtml\"><p class=\"res-header-id\"><b>Generated Narrative: ValueSet </b></p><div style=\"border: black 1px dotted; background-color: #EEEEEE; padding: 8px; margin-bottom: 8px\"><p>Expansion based on:</p><ul><li><a href=\"CodeSystem-cdex-temp.html\">codesystem CDex Temporary Code System v2.1.0 (CodeSystem)</a></li><li><a href=\"http://terminology.hl7.org/6.1.0/CodeSystem-v3-ActReason.html\">codesystem ActReason v3.1.0 (CodeSystem)</a></li></ul></div><p>This value set contains 12 concepts</p><table class=\"codes\"><tr><td style=\"white-space:nowrap\"><b>Code</b></td><td><b>System</b></td><td><b>Display</b></td><td><b>Definition</b></td></tr><tr><td style=\"white-space:nowrap\"><a name=\"x-http://terminology.hl7.org/CodeSystem/v3-ActReason-COVERAGE\"> </a>\u00a0\u00a0<a href=\"http://terminology.hl7.org/6.1.0/CodeSystem-v3-ActReason.html#v3-ActReason-COVERAGE\">COVERAGE</a></td><td>http://terminology.hl7.org/CodeSystem/v3-ActReason</td><td>coverage under policy or program</td><td><div><p>To perform one or more operations on information for conducting activities related to coverage under a program or policy.</p>\n</div></td></tr><tr><td style=\"white-space:nowrap\"><a name=\"x-http://terminology.hl7.org/CodeSystem/v3-ActReason-CLMATTCH\"> </a>\u00a0\u00a0<a href=\"http://terminology.hl7.org/6.1.0/CodeSystem-v3-ActReason.html#v3-ActReason-CLMATTCH\">CLMATTCH</a></td><td>http://terminology.hl7.org/CodeSystem/v3-ActReason</td><td>claim attachment</td><td><div><p>To perform one or more operations on information for provision of additional clinical evidence in support of a request for coverage or payment for health services.</p>\n</div></td></tr><tr><td style=\"white-space:nowrap\"><a name=\"x-http://terminology.hl7.org/CodeSystem/v3-ActReason-COVAUTH\"> </a>\u00a0\u00a0<a href=\"http://terminology.hl7.org/6.1.0/CodeSystem-v3-ActReason.html#v3-ActReason-COVAUTH\">COVAUTH</a></td><td>http://terminology.hl7.org/CodeSystem/v3-ActReason</td><td>coverage authorization</td><td><div><p>To perform one or more operations on information for conducting prior authorization or predetermination of coverage for services.</p>\n</div></td></tr><tr><td style=\"white-space:nowrap\"><a name=\"x-http://terminology.hl7.org/CodeSystem/v3-ActReason-HQUALIMP\"> </a>\u00a0\u00a0<a href=\"http://terminology.hl7.org/6.1.0/CodeSystem-v3-ActReason.html#v3-ActReason-HQUALIMP\">HQUALIMP</a></td><td>http://terminology.hl7.org/CodeSystem/v3-ActReason</td><td>health quality improvement</td><td><div><p>To perform one or more operations on information used for conducting administrative activities to improve health care quality.</p>\n</div></td></tr><tr><td style=\"white-space:nowrap\"><a name=\"x-http://terminology.hl7.org/CodeSystem/v3-ActReason-HDM\"> </a>\u00a0\u00a0<a href=\"http://terminology.hl7.org/6.1.0/CodeSystem-v3-ActReason.html#v3-ActReason-HDM\">HDM</a></td><td>http://terminology.hl7.org/CodeSystem/v3-ActReason</td><td>healthcare delivery management</td><td><div><p>To perform one or more actions on information used for conducting administrative and contractual activities by or on behalf of organizational entities responsible for delivery of an individual's benefits in a healthcare program, health plan or insurance. Explicitly excludes the use of information to organize the delivery of health care for care coordination and case management, or to provide healthcare treatment.</p>\n<p><em>Usage Note:</em> Examples of activities conducted under this purpose of use: provider profiling, risk adjustment, underwriting, fraud and abuse, quality improvement population health and care management. Aligns with HIPAA Operation POU minus coordination of care or other treatment related activities. Similar to the description in SAMHSA Confidentiality of Substance Use Disorder Patient Records Supplemental notice of proposed rulemaking.</p>\n<p><em>Map:</em> Maps to ISO 14265 Classification Term &quot;Administration of care for an individual subject of care&quot; described as &quot;To inform persons or processes responsible for enabling the availability of resources or funding or permissions for providing health care services to the subject of care.&quot;</p>\n<p>However, this classification term is described as activities, i.e., &quot;to inform persons&quot; or &quot;to inform processes&quot; rather than the rationale for performing actions/operations on information related to the activity.</p>\n</div></td></tr><tr><td style=\"white-space:nowrap\"><a name=\"x-http://terminology.hl7.org/CodeSystem/v3-ActReason-COC\"> </a>\u00a0\u00a0<a href=\"http://terminology.hl7.org/6.1.0/CodeSystem-v3-ActReason.html#v3-ActReason-COC\">COC</a></td><td>http://terminology.hl7.org/CodeSystem/v3-ActReason</td><td>coordination of care</td><td><div><p>To perform one or more actions on information in order to organize the provision and case management of an individual's healthcare, including: Monitoring a person's goals, needs, and preferences; acting as the communication link between two or more participants concerned with a person's health and wellness; organizing and facilitating care activities and promoting self-management by advocating for, empowering, and educating a person; and ensuring safe, appropriate, non-duplicative, and effective integrated care.</p>\n<p><em>Usage Note:</em> Use when describing these functions: 1. Monitoring a person's goals, needs, and preferences. 2. Acting as the communication link between two or more participants concerned with a person's health and wellness. 3. Organizing and facilitating care activities and promoting self-management by advocating for, empowering, and educating a person. 4. Ensuring safe, appropriate, non-duplicative, and effective integrated care.</p>\n<p>The goal is to clearly differentiate this type of coordination of care from HIPAA Operations by specifying that these actions on information are undertaken in the provision of healthcare treatment.</p>\n<p>For similar uses of this concept, see SAMHSA Confidentiality of Substance Use Disorder Patient Records Supplemental notice of proposed rulemaking, which differentiates concepts of care coordination and case management for the provision of treatment as specifically distinct from activities related to health care delivery management and the operations of organizational entities involved in the delivery of healthcare.</p>\n<p><em>Map:</em> Maps to ISO 14265 Classification Terms: &quot;Support of care activities within the provider organisation for an individual subject of care&quot; described as &quot;To inform persons or processes enabling others to provide health care services to the subject of care.&quot; &quot;Subject of Care Uses&quot; described as &quot;To inform the subject of care in support of his or her own interests.&quot;</p>\n</div></td></tr><tr><td style=\"white-space:nowrap\"><a name=\"x-http://terminology.hl7.org/CodeSystem/v3-ActReason-TREAT\"> </a>\u00a0\u00a0<a href=\"http://terminology.hl7.org/6.1.0/CodeSystem-v3-ActReason.html#v3-ActReason-TREAT\">TREAT</a></td><td>http://terminology.hl7.org/CodeSystem/v3-ActReason</td><td>treatment</td><td><div><p>To perform one or more operations on information for provision of health care.</p>\n</div></td></tr><tr><td style=\"white-space:nowrap\"><a name=\"x-http://hl7.org/fhir/us/davinci-cdex/CodeSystem/cdex-temp-care-planning\"> </a>\u00a0\u00a0<a href=\"CodeSystem-cdex-temp.html#cdex-temp-care-planning\">care-planning</a></td><td>http://hl7.org/fhir/us/davinci-cdex/CodeSystem/cdex-temp</td><td>Care Planning</td><td><div><p>Request for data from payers or providers to determine how to deliver care for a particular patient, group or community.</p>\n</div></td></tr><tr><td style=\"white-space:nowrap\"><a name=\"x-http://hl7.org/fhir/us/davinci-cdex/CodeSystem/cdex-temp-social-risk\"> </a>\u00a0\u00a0<a href=\"CodeSystem-cdex-temp.html#cdex-temp-social-risk\">social-risk</a></td><td>http://hl7.org/fhir/us/davinci-cdex/CodeSystem/cdex-temp</td><td>Social Risk</td><td><div><p>Request for data from payers or other providers to assess of social risk, establishing coded health concerns/problems, creating patient driven goals, managing interventions, and measuring outcomes.</p>\n</div></td></tr><tr><td style=\"white-space:nowrap\"><a name=\"x-http://hl7.org/fhir/us/davinci-cdex/CodeSystem/cdex-temp-payment-noe\"> </a>\u00a0\u00a0<a href=\"CodeSystem-cdex-temp.html#cdex-temp-payment-noe\">payment-noe</a></td><td>http://hl7.org/fhir/us/davinci-cdex/CodeSystem/cdex-temp</td><td>Payment Not Otherwise Enumerated</td><td><div><p>[Existing concepts do not define a more detailed <a href=\"https://www.hhs.gov/hipaa/for-professionals/privacy/guidance/disclosures-treatment-payment-health-care-operations/index.html\">Payment as defined by HIPAA</a>. Therefore, implicit in using this code is that an implementer must supply an additional, alternate code.</p>\n</div></td></tr><tr><td style=\"white-space:nowrap\"><a name=\"x-http://hl7.org/fhir/us/davinci-cdex/CodeSystem/cdex-temp-operations-noe\"> </a>\u00a0\u00a0<a href=\"CodeSystem-cdex-temp.html#cdex-temp-operations-noe\">operations-noe</a></td><td>http://hl7.org/fhir/us/davinci-cdex/CodeSystem/cdex-temp</td><td>Operations Not Otherwise Enumerated</td><td><div><p>Existing concepts do not define a more detailed <a href=\"https://www.hhs.gov/hipaa/for-professionals/privacy/guidance/disclosures-treatment-payment-health-care-operations/index.html\">Healthcare Operations as defined by HIPAA</a>. Therefore, implicit in using this code is that an implementer must supply an additional, alternate code.</p>\n</div></td></tr><tr><td style=\"white-space:nowrap\"><a name=\"x-http://hl7.org/fhir/us/davinci-cdex/CodeSystem/cdex-temp-treatment-noe\"> </a>\u00a0\u00a0<a href=\"CodeSystem-cdex-temp.html#cdex-temp-treatment-noe\">treatment-noe</a></td><td>http://hl7.org/fhir/us/davinci-cdex/CodeSystem/cdex-temp</td><td>Treatment Not Otherwise Enumerated</td><td><div><p>Existing concepts do not define a more detailed <a href=\"https://www.hhs.gov/hipaa/for-professionals/privacy/guidance/disclosures-treatment-payment-health-care-operations/index.html\">Treatment as defined by HIPAA</a>. Therefore, implicit in using this code is that an implementer must supply an additional, alternate code.</p>\n</div></td></tr></table></div>"
      },
      "url" : "http://hl7.org/fhir/us/davinci-cdex/ValueSet/cdex-POU",
      "identifier" : [{
        "system" : "urn:ietf:rfc:3986",
        "value" : "urn:oid:2.16.840.1.113883.4.642.40.21.48.1"
      }],
      "version" : "2.1.0",
      "name" : "CDexPOUCodes",
      "title" : "CDex Purpose of Use Value Set",
      "status" : "active",
      "experimental" : false,
      "date" : "2022-10-24",
      "jurisdiction" : [{
        "coding" : [{
          "system" : "urn:iso:std:iso:3166",
          "code" : "US"
        }]
      }],
      "expansion" : {
        "identifier" : "urn:uuid:95ea696c-4108-48a2-8e0b-c74c3880d75a",
        "timestamp" : "2025-01-09T20:39:21+00:00",
        "total" : 12,
        "offset" : 0,
        "parameter" : [{
          "name" : "count",
          "valueInteger" : 1000
        },
        {
          "name" : "offset",
          "valueInteger" : 0
        },
        {
          "name" : "excludeNested",
          "valueBoolean" : false
        },
        {
          "name" : "used-codesystem",
          "valueUri" : "http://terminology.hl7.org/CodeSystem/v3-ActReason|3.1.0"
        },
        {
          "name" : "used-codesystem",
          "valueUri" : "http://hl7.org/fhir/us/davinci-cdex/CodeSystem/cdex-temp|2.1.0"
        }],
        "contains" : [{
          "system" : "http://terminology.hl7.org/CodeSystem/v3-ActReason",
          "code" : "COVERAGE",
          "display" : "coverage under policy or program"
        },
        {
          "system" : "http://terminology.hl7.org/CodeSystem/v3-ActReason",
          "code" : "CLMATTCH",
          "display" : "claim attachment"
        },
        {
          "system" : "http://terminology.hl7.org/CodeSystem/v3-ActReason",
          "code" : "COVAUTH",
          "display" : "coverage authorization"
        },
        {
          "system" : "http://terminology.hl7.org/CodeSystem/v3-ActReason",
          "code" : "HQUALIMP",
          "display" : "health quality improvement"
        },
        {
          "system" : "http://terminology.hl7.org/CodeSystem/v3-ActReason",
          "code" : "HDM",
          "display" : "healthcare delivery management"
        },
        {
          "system" : "http://terminology.hl7.org/CodeSystem/v3-ActReason",
          "code" : "COC",
          "display" : "coordination of care"
        },
        {
          "system" : "http://terminology.hl7.org/CodeSystem/v3-ActReason",
          "code" : "TREAT",
          "display" : "treatment"
        },
        {
          "system" : "http://hl7.org/fhir/us/davinci-cdex/CodeSystem/cdex-temp",
          "code" : "care-planning",
          "display" : "Care Planning"
        },
        {
          "system" : "http://hl7.org/fhir/us/davinci-cdex/CodeSystem/cdex-temp",
          "code" : "social-risk",
          "display" : "Social Risk"
        },
        {
          "system" : "http://hl7.org/fhir/us/davinci-cdex/CodeSystem/cdex-temp",
          "code" : "payment-noe",
          "display" : "Payment Not Otherwise Enumerated"
        },
        {
          "system" : "http://hl7.org/fhir/us/davinci-cdex/CodeSystem/cdex-temp",
          "code" : "operations-noe",
          "display" : "Operations Not Otherwise Enumerated"
        },
        {
          "system" : "http://hl7.org/fhir/us/davinci-cdex/CodeSystem/cdex-temp",
          "code" : "treatment-noe",
          "display" : "Treatment Not Otherwise Enumerated"
        }]
      }
    }
  },
  {
    "fullUrl" : "http://hl7.org/fhir/us/davinci-cdex/ValueSet/cdex-claim-use",
    "resource" : {
      "resourceType" : "ValueSet",
      "text" : {
        "status" : "generated",
        "div" : "<div xmlns=\"http://www.w3.org/1999/xhtml\"><p class=\"res-header-id\"><b>Generated Narrative: ValueSet </b></p><p style=\"border: black 1px dotted; background-color: #EEEEEE; padding: 8px; margin-bottom: 8px\">Expansion based on <a href=\"http://hl7.org/fhir/R4/codesystem-claim-use.html\">codesystem Use v4.0.1 (CodeSystem)</a></p><p>This value set contains 2 concepts</p><table class=\"codes\"><tr><td style=\"white-space:nowrap\"><b>Code</b></td><td><b>System</b></td><td><b>Display</b></td><td><b>Definition</b></td></tr><tr><td style=\"white-space:nowrap\"><a name=\"x-http://hl7.org/fhir/claim-use-claim\"> </a>\u00a0\u00a0<a href=\"http://hl7.org/fhir/R4/codesystem-claim-use.html#claim-use-claim\">claim</a></td><td>http://hl7.org/fhir/claim-use</td><td>Claim</td><td><div><p>The treatment is complete and this represents a Claim for the services.</p>\n</div></td></tr><tr><td style=\"white-space:nowrap\"><a name=\"x-http://hl7.org/fhir/claim-use-preauthorization\"> </a>\u00a0\u00a0<a href=\"http://hl7.org/fhir/R4/codesystem-claim-use.html#claim-use-preauthorization\">preauthorization</a></td><td>http://hl7.org/fhir/claim-use</td><td>Preauthorization</td><td><div><p>The treatment is proposed and this represents a Pre-authorization for the services.</p>\n</div></td></tr></table></div>"
      },
      "url" : "http://hl7.org/fhir/us/davinci-cdex/ValueSet/cdex-claim-use",
      "identifier" : [{
        "system" : "urn:ietf:rfc:3986",
        "value" : "urn:oid:2.16.840.1.113883.4.642.40.21.48.2"
      }],
      "version" : "2.1.0",
      "name" : "CDexClaimUseCodes",
      "title" : "CDex Claim Use Value Set",
      "status" : "active",
      "experimental" : false,
      "date" : "2022-10-24",
      "jurisdiction" : [{
        "coding" : [{
          "system" : "urn:iso:std:iso:3166",
          "code" : "US"
        }]
      }],
      "expansion" : {
        "identifier" : "urn:uuid:540be31b-9f43-406b-8b5b-88b273137c08",
        "timestamp" : "2025-01-09T20:39:25+00:00",
        "total" : 2,
        "offset" : 0,
        "parameter" : [{
          "name" : "count",
          "valueInteger" : 1000
        },
        {
          "name" : "offset",
          "valueInteger" : 0
        },
        {
          "name" : "excludeNested",
          "valueBoolean" : false
        },
        {
          "name" : "warning-draft",
          "valueUri" : "http://hl7.org/fhir/claim-use|4.0.1"
        },
        {
          "name" : "used-codesystem",
          "valueUri" : "http://hl7.org/fhir/claim-use|4.0.1"
        }],
        "contains" : [{
          "system" : "http://hl7.org/fhir/claim-use",
          "code" : "claim",
          "display" : "Claim"
        },
        {
          "system" : "http://hl7.org/fhir/claim-use",
          "code" : "preauthorization",
          "display" : "Preauthorization"
        }]
      }
    }
  },
  {
    "fullUrl" : "http://hl7.org/fhir/us/davinci-cdex/ValueSet/cdex-data-request-task-code",
    "resource" : {
      "resourceType" : "ValueSet",
      "text" : {
        "status" : "generated",
        "div" : "<div xmlns=\"http://www.w3.org/1999/xhtml\"><p class=\"res-header-id\"><b>Generated Narrative: ValueSet </b></p><p style=\"border: black 1px dotted; background-color: #EEEEEE; padding: 8px; margin-bottom: 8px\">Expansion based on <a href=\"CodeSystem-cdex-temp.html\">codesystem CDex Temporary Code System v2.1.0 (CodeSystem)</a></p><p>This value set contains 3 concepts</p><table class=\"codes\"><tr><td style=\"white-space:nowrap\"><b>Code</b></td><td><b>System</b></td><td><b>Display</b></td><td><b>Definition</b></td></tr><tr><td style=\"white-space:nowrap\"><a name=\"x-http://hl7.org/fhir/us/davinci-cdex/CodeSystem/cdex-temp-data-request-code\"> </a>\u00a0\u00a0<a href=\"CodeSystem-cdex-temp.html#cdex-temp-data-request-code\">data-request-code</a></td><td>http://hl7.org/fhir/us/davinci-cdex/CodeSystem/cdex-temp</td><td>Data Request Code</td><td><div><p>A Task requesting data using a code.</p>\n</div></td></tr><tr><td style=\"white-space:nowrap\"><a name=\"x-http://hl7.org/fhir/us/davinci-cdex/CodeSystem/cdex-temp-data-request-query\"> </a>\u00a0\u00a0<a href=\"CodeSystem-cdex-temp.html#cdex-temp-data-request-query\">data-request-query</a></td><td>http://hl7.org/fhir/us/davinci-cdex/CodeSystem/cdex-temp</td><td>Data Request Query</td><td><div><p>A Task requesting data using FHIR query syntax.</p>\n</div></td></tr><tr><td style=\"white-space:nowrap\"><a name=\"x-http://hl7.org/fhir/us/davinci-cdex/CodeSystem/cdex-temp-data-request-questionnaire\"> </a>\u00a0\u00a0<a href=\"CodeSystem-cdex-temp.html#cdex-temp-data-request-questionnaire\">data-request-questionnaire</a></td><td>http://hl7.org/fhir/us/davinci-cdex/CodeSystem/cdex-temp</td><td>Data Request Questionnaire</td><td><div><p>A Task requesting data using a data request questionnaire (<a href=\"http://hl7.org/fhir/questionnaire.html\">FHIR Questionnaire</a>).</p>\n</div></td></tr></table></div>"
      },
      "url" : "http://hl7.org/fhir/us/davinci-cdex/ValueSet/cdex-data-request-task-code",
      "identifier" : [{
        "system" : "urn:ietf:rfc:3986",
        "value" : "urn:oid:2.16.840.1.113883.4.642.40.21.48.3"
      }],
      "version" : "2.1.0",
      "name" : "CDexDataRequestTaskCode",
      "title" : "CDex Data Request Task Code Value Set",
      "status" : "active",
      "experimental" : false,
      "date" : "2022-12-23",
      "jurisdiction" : [{
        "coding" : [{
          "system" : "urn:iso:std:iso:3166",
          "code" : "US"
        }]
      }],
      "expansion" : {
        "identifier" : "urn:uuid:c49e4aff-fc15-4fc2-9ce2-46e9ad17b86c",
        "timestamp" : "2025-01-09T20:39:29+00:00",
        "total" : 3,
        "offset" : 0,
        "parameter" : [{
          "name" : "count",
          "valueInteger" : 1000
        },
        {
          "name" : "offset",
          "valueInteger" : 0
        },
        {
          "name" : "excludeNested",
          "valueBoolean" : false
        },
        {
          "name" : "used-codesystem",
          "valueUri" : "http://hl7.org/fhir/us/davinci-cdex/CodeSystem/cdex-temp|2.1.0"
        }],
        "contains" : [{
          "system" : "http://hl7.org/fhir/us/davinci-cdex/CodeSystem/cdex-temp",
          "code" : "data-request-code",
          "display" : "Data Request Code"
        },
        {
          "system" : "http://hl7.org/fhir/us/davinci-cdex/CodeSystem/cdex-temp",
          "code" : "data-request-query",
          "display" : "Data Request Query"
        },
        {
          "system" : "http://hl7.org/fhir/us/davinci-cdex/CodeSystem/cdex-temp",
          "code" : "data-request-questionnaire",
          "display" : "Data Request Questionnaire"
        }]
      }
    }
  },
  {
    "fullUrl" : "http://hl7.org/fhir/us/davinci-cdex/ValueSet/cdex-identifier-types",
    "resource" : {
      "resourceType" : "ValueSet",
      "text" : {
        "status" : "generated",
        "div" : "<div xmlns=\"http://www.w3.org/1999/xhtml\"><p class=\"res-header-id\"><b>Generated Narrative: ValueSet </b></p><p style=\"border: black 1px dotted; background-color: #EEEEEE; padding: 8px; margin-bottom: 8px\">Expansion based on <a href=\"http://terminology.hl7.org/5.5.0/CodeSystem-v2-0203.html\">codesystem identifierType v4.0.0 (CodeSystem)</a></p><p>This value set contains 2 concepts</p><table class=\"codes\"><tr><td style=\"white-space:nowrap\"><b>Code</b></td><td><b>System</b></td><td><b>Display</b></td><td><b>Definition</b></td></tr><tr><td style=\"white-space:nowrap\"><a name=\"x-http://terminology.hl7.org/CodeSystem/v2-0203-TAX\"> </a>\u00a0\u00a0<a href=\"http://terminology.hl7.org/5.5.0/CodeSystem-v2-0203.html#v2-0203-TAX\">TAX</a></td><td>http://terminology.hl7.org/CodeSystem/v2-0203</td><td>Tax ID number</td><td><div><p>Tax ID number</p>\n</div></td></tr><tr><td style=\"white-space:nowrap\"><a name=\"x-http://terminology.hl7.org/CodeSystem/v2-0203-NPI\"> </a>\u00a0\u00a0<a href=\"http://terminology.hl7.org/5.5.0/CodeSystem-v2-0203.html#v2-0203-NPI\">NPI</a></td><td>http://terminology.hl7.org/CodeSystem/v2-0203</td><td>National provider identifier</td><td><div><p>National provider identifier</p>\n</div></td></tr></table></div>"
      },
      "url" : "http://hl7.org/fhir/us/davinci-cdex/ValueSet/cdex-identifier-types",
      "identifier" : [{
        "system" : "urn:ietf:rfc:3986",
        "value" : "urn:oid:2.16.840.1.113883.4.642.40.21.48.4"
      }],
      "version" : "2.1.0",
      "name" : "CDexIdentifierTypes",
      "title" : "CDex Identifier Types Value Set",
      "status" : "active",
      "experimental" : false,
      "date" : "2022-10-24",
      "jurisdiction" : [{
        "coding" : [{
          "system" : "urn:iso:std:iso:3166",
          "code" : "US"
        }]
      }],
      "expansion" : {
        "identifier" : "urn:uuid:21f258bd-de8b-418a-b83c-9143ab7a123a",
        "timestamp" : "2025-01-09T20:39:33+00:00",
        "total" : 2,
        "offset" : 0,
        "parameter" : [{
          "name" : "count",
          "valueInteger" : 1000
        },
        {
          "name" : "offset",
          "valueInteger" : 0
        },
        {
          "name" : "excludeNested",
          "valueBoolean" : false
        },
        {
          "name" : "used-codesystem",
          "valueUri" : "http://terminology.hl7.org/CodeSystem/v2-0203|4.0.0"
        }],
        "contains" : [{
          "system" : "http://terminology.hl7.org/CodeSystem/v2-0203",
          "code" : "TAX",
          "display" : "Tax ID number"
        },
        {
          "system" : "http://terminology.hl7.org/CodeSystem/v2-0203",
          "code" : "NPI",
          "display" : "National provider identifier"
        }]
      }
    }
  },
  {
    "fullUrl" : "http://hl7.org/fhir/us/davinci-cdex/ValueSet/cdex-loinc-attachment-codes",
    "resource" : {
      "resourceType" : "ValueSet",
      "text" : {
        "status" : "generated",
        "div" : "<div xmlns=\"http://www.w3.org/1999/xhtml\"><p class=\"res-header-id\"><b>Generated Narrative: ValueSet </b></p><p style=\"border: black 1px dotted; background-color: #EEEEEE; padding: 8px; margin-bottom: 8px\">Expansion based on Loinc v2.78</p><p>This value set contains 113 concepts</p><table class=\"codes\"><tr><td style=\"white-space:nowrap\"><b>Code</b></td><td><b>System</b></td><td><b>Display</b></td></tr><tr><td style=\"white-space:nowrap\"><a name=\"x-http://loinc.org-11526-1\"> </a>\u00a0\u00a0<a href=\"https://loinc.org/11526-1/\">11526-1</a></td><td>http://loinc.org</td><td>Pathology study</td></tr><tr><td style=\"white-space:nowrap\"><a name=\"x-http://loinc.org-11488-4\"> </a>\u00a0\u00a0<a href=\"https://loinc.org/11488-4/\">11488-4</a></td><td>http://loinc.org</td><td>Consult note</td></tr><tr><td style=\"white-space:nowrap\"><a name=\"x-http://loinc.org-80792-5\"> </a>\u00a0\u00a0<a href=\"https://loinc.org/80792-5/\">80792-5</a></td><td>http://loinc.org</td><td>Pulmonary Diagnostic study note</td></tr><tr><td style=\"white-space:nowrap\"><a name=\"x-http://loinc.org-47420-5\"> </a>\u00a0\u00a0<a href=\"https://loinc.org/47420-5/\">47420-5</a></td><td>http://loinc.org</td><td>Functional status assessment note</td></tr><tr><td style=\"white-space:nowrap\"><a name=\"x-http://loinc.org-34117-2\"> </a>\u00a0\u00a0<a href=\"https://loinc.org/34117-2/\">34117-2</a></td><td>http://loinc.org</td><td>History and physical note</td></tr><tr><td style=\"white-space:nowrap\"><a name=\"x-http://loinc.org-74156-1\"> </a>\u00a0\u00a0<a href=\"https://loinc.org/74156-1/\">74156-1</a></td><td>http://loinc.org</td><td>Oncology Plan of care and summary note</td></tr><tr><td style=\"white-space:nowrap\"><a name=\"x-http://loinc.org-18776-5\"> </a>\u00a0\u00a0<a href=\"https://loinc.org/18776-5/\">18776-5</a></td><td>http://loinc.org</td><td>Plan of care note</td></tr><tr><td style=\"white-space:nowrap\"><a name=\"x-http://loinc.org-80785-9\"> </a>\u00a0\u00a0<a href=\"https://loinc.org/80785-9/\">80785-9</a></td><td>http://loinc.org</td><td>Radiation oncology Plan of care note</td></tr><tr><td style=\"white-space:nowrap\"><a name=\"x-http://loinc.org-11506-3\"> </a>\u00a0\u00a0<a href=\"https://loinc.org/11506-3/\">11506-3</a></td><td>http://loinc.org</td><td>Progress note</td></tr><tr><td style=\"white-space:nowrap\"><a name=\"x-http://loinc.org-11504-8\"> </a>\u00a0\u00a0<a href=\"https://loinc.org/11504-8/\">11504-8</a></td><td>http://loinc.org</td><td>Surgical operation note</td></tr><tr><td style=\"white-space:nowrap\"><a name=\"x-http://loinc.org-18842-5\"> </a>\u00a0\u00a0<a href=\"https://loinc.org/18842-5/\">18842-5</a></td><td>http://loinc.org</td><td>Discharge summary</td></tr><tr><td style=\"white-space:nowrap\"><a name=\"x-http://loinc.org-34133-9\"> </a>\u00a0\u00a0<a href=\"https://loinc.org/34133-9/\">34133-9</a></td><td>http://loinc.org</td><td>Summary of episode note</td></tr><tr><td style=\"white-space:nowrap\"><a name=\"x-http://loinc.org-18761-7\"> </a>\u00a0\u00a0<a href=\"https://loinc.org/18761-7/\">18761-7</a></td><td>http://loinc.org</td><td>Transfer summary note</td></tr><tr><td style=\"white-space:nowrap\"><a name=\"x-http://loinc.org-80565-5\"> </a>\u00a0\u00a0<a href=\"https://loinc.org/80565-5/\">80565-5</a></td><td>http://loinc.org</td><td>Medication administration record</td></tr><tr><td style=\"white-space:nowrap\"><a name=\"x-http://loinc.org-28570-0\"> </a>\u00a0\u00a0<a href=\"https://loinc.org/28570-0/\">28570-0</a></td><td>http://loinc.org</td><td>Procedure note</td></tr><tr><td style=\"white-space:nowrap\"><a name=\"x-http://loinc.org-57133-1\"> </a>\u00a0\u00a0<a href=\"https://loinc.org/57133-1/\">57133-1</a></td><td>http://loinc.org</td><td>Referral note</td></tr><tr><td style=\"white-space:nowrap\"><a name=\"x-http://loinc.org-52027-0\"> </a>\u00a0\u00a0<a href=\"https://loinc.org/52027-0/\">52027-0</a></td><td>http://loinc.org</td><td>Abortion consent Document</td></tr><tr><td style=\"white-space:nowrap\"><a name=\"x-http://loinc.org-52028-8\"> </a>\u00a0\u00a0<a href=\"https://loinc.org/52028-8/\">52028-8</a></td><td>http://loinc.org</td><td>Hysterectomy consent Document</td></tr><tr><td style=\"white-space:nowrap\"><a name=\"x-http://loinc.org-52029-6\"> </a>\u00a0\u00a0<a href=\"https://loinc.org/52029-6/\">52029-6</a></td><td>http://loinc.org</td><td>Sterilization consent Document</td></tr><tr><td style=\"white-space:nowrap\"><a name=\"x-http://loinc.org-53245-7\"> </a>\u00a0\u00a0<a href=\"https://loinc.org/53245-7/\">53245-7</a></td><td>http://loinc.org</td><td>Driver license</td></tr><tr><td style=\"white-space:nowrap\"><a name=\"x-http://loinc.org-57828-6\"> </a>\u00a0\u00a0<a href=\"https://loinc.org/57828-6/\">57828-6</a></td><td>http://loinc.org</td><td>Prescription list</td></tr><tr><td style=\"white-space:nowrap\"><a name=\"x-http://loinc.org-18682-5\"> </a>\u00a0\u00a0<a href=\"https://loinc.org/18682-5/\">18682-5</a></td><td>http://loinc.org</td><td>Ambulance records</td></tr><tr><td style=\"white-space:nowrap\"><a name=\"x-http://loinc.org-52063-5\"> </a>\u00a0\u00a0<a href=\"https://loinc.org/52063-5/\">52063-5</a></td><td>http://loinc.org</td><td>Prescription for durable medical equipment (DME)</td></tr><tr><td style=\"white-space:nowrap\"><a name=\"x-http://loinc.org-52062-7\"> </a>\u00a0\u00a0<a href=\"https://loinc.org/52062-7/\">52062-7</a></td><td>http://loinc.org</td><td>Transcutaneous electrical neural stimulation (TENS) attachment</td></tr><tr><td style=\"white-space:nowrap\"><a name=\"x-http://loinc.org-52073-4\"> </a>\u00a0\u00a0<a href=\"https://loinc.org/52073-4/\">52073-4</a></td><td>http://loinc.org</td><td>Vision services attachment</td></tr><tr><td style=\"white-space:nowrap\"><a name=\"x-http://loinc.org-52070-0\"> </a>\u00a0\u00a0<a href=\"https://loinc.org/52070-0/\">52070-0</a></td><td>http://loinc.org</td><td>Workers compensation attachment</td></tr><tr><td style=\"white-space:nowrap\"><a name=\"x-http://loinc.org-80405-4\"> </a>\u00a0\u00a0<a href=\"https://loinc.org/80405-4/\">80405-4</a></td><td>http://loinc.org</td><td>Provider Certification [Type]</td></tr><tr><td style=\"white-space:nowrap\"><a name=\"x-http://loinc.org-53242-4\"> </a>\u00a0\u00a0<a href=\"https://loinc.org/53242-4/\">53242-4</a></td><td>http://loinc.org</td><td>Charge ticket or encounter form</td></tr><tr><td style=\"white-space:nowrap\"><a name=\"x-http://loinc.org-52042-9\"> </a>\u00a0\u00a0<a href=\"https://loinc.org/52042-9/\">52042-9</a></td><td>http://loinc.org</td><td>Continuous positive airway pressure (CPAP) attachment</td></tr><tr><td style=\"white-space:nowrap\"><a name=\"x-http://loinc.org-52040-3\"> </a>\u00a0\u00a0<a href=\"https://loinc.org/52040-3/\">52040-3</a></td><td>http://loinc.org</td><td>Dental X-rays and other images (not DICOM)</td></tr><tr><td style=\"white-space:nowrap\"><a name=\"x-http://loinc.org-18748-4\"> </a>\u00a0\u00a0<a href=\"https://loinc.org/18748-4/\">18748-4</a></td><td>http://loinc.org</td><td>Diagnostic imaging study</td></tr><tr><td style=\"white-space:nowrap\"><a name=\"x-http://loinc.org-53243-2\"> </a>\u00a0\u00a0<a href=\"https://loinc.org/53243-2/\">53243-2</a></td><td>http://loinc.org</td><td>Advanced beneficiary notice</td></tr><tr><td style=\"white-space:nowrap\"><a name=\"x-http://loinc.org-53247-3\"> </a>\u00a0\u00a0<a href=\"https://loinc.org/53247-3/\">53247-3</a></td><td>http://loinc.org</td><td>Eligibility acknowledgement</td></tr><tr><td style=\"white-space:nowrap\"><a name=\"x-http://loinc.org-52071-8\"> </a>\u00a0\u00a0<a href=\"https://loinc.org/52071-8/\">52071-8</a></td><td>http://loinc.org</td><td>Employee assistance program attachment</td></tr><tr><td style=\"white-space:nowrap\"><a name=\"x-http://loinc.org-67796-3\"> </a>\u00a0\u00a0<a href=\"https://loinc.org/67796-3/\">67796-3</a></td><td>http://loinc.org</td><td>EMS patient care report - version 3 Document NEMSIS</td></tr><tr><td style=\"white-space:nowrap\"><a name=\"x-http://loinc.org-77601-3\"> </a>\u00a0\u00a0<a href=\"https://loinc.org/77601-3/\">77601-3</a></td><td>http://loinc.org</td><td>Enhanced note</td></tr><tr><td style=\"white-space:nowrap\"><a name=\"x-http://loinc.org-52043-7\"> </a>\u00a0\u00a0<a href=\"https://loinc.org/52043-7/\">52043-7</a></td><td>http://loinc.org</td><td>Enteral nutrition attachment</td></tr><tr><td style=\"white-space:nowrap\"><a name=\"x-http://loinc.org-11514-7\"> </a>\u00a0\u00a0<a href=\"https://loinc.org/11514-7/\">11514-7</a></td><td>http://loinc.org</td><td>Chiropractic Episode of care medical records</td></tr><tr><td style=\"white-space:nowrap\"><a name=\"x-http://loinc.org-11521-2\"> </a>\u00a0\u00a0<a href=\"https://loinc.org/11521-2/\">11521-2</a></td><td>http://loinc.org</td><td>Occupational therapy Episode of care medical records</td></tr><tr><td style=\"white-space:nowrap\"><a name=\"x-http://loinc.org-11515-4\"> </a>\u00a0\u00a0<a href=\"https://loinc.org/11515-4/\">11515-4</a></td><td>http://loinc.org</td><td>Physical therapy Episode of care medical records</td></tr><tr><td style=\"white-space:nowrap\"><a name=\"x-http://loinc.org-11516-2\"> </a>\u00a0\u00a0<a href=\"https://loinc.org/11516-2/\">11516-2</a></td><td>http://loinc.org</td><td>Physician Episode of care medical records</td></tr><tr><td style=\"white-space:nowrap\"><a name=\"x-http://loinc.org-11517-0\"> </a>\u00a0\u00a0<a href=\"https://loinc.org/11517-0/\">11517-0</a></td><td>http://loinc.org</td><td>Podiatry Episode of care medical records</td></tr><tr><td style=\"white-space:nowrap\"><a name=\"x-http://loinc.org-11518-8\"> </a>\u00a0\u00a0<a href=\"https://loinc.org/11518-8/\">11518-8</a></td><td>http://loinc.org</td><td>Psychology Episode of care medical records</td></tr><tr><td style=\"white-space:nowrap\"><a name=\"x-http://loinc.org-11519-6\"> </a>\u00a0\u00a0<a href=\"https://loinc.org/11519-6/\">11519-6</a></td><td>http://loinc.org</td><td>Social service Episode of care medical records</td></tr><tr><td style=\"white-space:nowrap\"><a name=\"x-http://loinc.org-11520-4\"> </a>\u00a0\u00a0<a href=\"https://loinc.org/11520-4/\">11520-4</a></td><td>http://loinc.org</td><td>Speech therapy Episode of care medical records</td></tr><tr><td style=\"white-space:nowrap\"><a name=\"x-http://loinc.org-52030-4\"> </a>\u00a0\u00a0<a href=\"https://loinc.org/52030-4/\">52030-4</a></td><td>http://loinc.org</td><td>Explanation of benefits</td></tr><tr><td style=\"white-space:nowrap\"><a name=\"x-http://loinc.org-52031-2\"> </a>\u00a0\u00a0<a href=\"https://loinc.org/52031-2/\">52031-2</a></td><td>http://loinc.org</td><td>Explanation of benefits to subscriber</td></tr><tr><td style=\"white-space:nowrap\"><a name=\"x-http://loinc.org-52044-5\"> </a>\u00a0\u00a0<a href=\"https://loinc.org/52044-5/\">52044-5</a></td><td>http://loinc.org</td><td>External infusion pump attachment</td></tr><tr><td style=\"white-space:nowrap\"><a name=\"x-http://loinc.org-103567-4\"> </a>\u00a0\u00a0<a href=\"https://loinc.org/103567-4/\">103567-4</a></td><td>http://loinc.org</td><td>Previous cancer therapy (narrative)</td></tr><tr><td style=\"white-space:nowrap\"><a name=\"x-http://loinc.org-52064-3\"> </a>\u00a0\u00a0<a href=\"https://loinc.org/52064-3/\">52064-3</a></td><td>http://loinc.org</td><td>Worker's compensation first report of injury attachment</td></tr><tr><td style=\"white-space:nowrap\"><a name=\"x-http://loinc.org-52045-2\"> </a>\u00a0\u00a0<a href=\"https://loinc.org/52045-2/\">52045-2</a></td><td>http://loinc.org</td><td>Gait trainers attachment</td></tr><tr><td style=\"white-space:nowrap\"><a name=\"x-http://loinc.org-52033-8\"> </a>\u00a0\u00a0<a href=\"https://loinc.org/52033-8/\">52033-8</a></td><td>http://loinc.org</td><td>General correspondence attachment</td></tr><tr><td style=\"white-space:nowrap\"><a name=\"x-http://loinc.org-11485-0\"> </a>\u00a0\u00a0<a href=\"https://loinc.org/11485-0/\">11485-0</a></td><td>http://loinc.org</td><td>Anesthesia records</td></tr><tr><td style=\"white-space:nowrap\"><a name=\"x-http://loinc.org-52035-3\"> </a>\u00a0\u00a0<a href=\"https://loinc.org/52035-3/\">52035-3</a></td><td>http://loinc.org</td><td>Home health claims</td></tr><tr><td style=\"white-space:nowrap\"><a name=\"x-http://loinc.org-52036-1\"> </a>\u00a0\u00a0<a href=\"https://loinc.org/52036-1/\">52036-1</a></td><td>http://loinc.org</td><td>Home health prior authorization</td></tr><tr><td style=\"white-space:nowrap\"><a name=\"x-http://loinc.org-52046-0\"> </a>\u00a0\u00a0<a href=\"https://loinc.org/52046-0/\">52046-0</a></td><td>http://loinc.org</td><td>Hospital beds attachment</td></tr><tr><td style=\"white-space:nowrap\"><a name=\"x-http://loinc.org-52032-0\"> </a>\u00a0\u00a0<a href=\"https://loinc.org/52032-0/\">52032-0</a></td><td>http://loinc.org</td><td>Appeal denial letter</td></tr><tr><td style=\"white-space:nowrap\"><a name=\"x-http://loinc.org-52047-8\"> </a>\u00a0\u00a0<a href=\"https://loinc.org/52047-8/\">52047-8</a></td><td>http://loinc.org</td><td>Immunosuppressive drug attachment</td></tr><tr><td style=\"white-space:nowrap\"><a name=\"x-http://loinc.org-77600-5\"> </a>\u00a0\u00a0<a href=\"https://loinc.org/77600-5/\">77600-5</a></td><td>http://loinc.org</td><td>Interval note</td></tr><tr><td style=\"white-space:nowrap\"><a name=\"x-http://loinc.org-94093-2\"> </a>\u00a0\u00a0<a href=\"https://loinc.org/94093-2/\">94093-2</a></td><td>http://loinc.org</td><td>Itemized bill</td></tr><tr><td style=\"white-space:nowrap\"><a name=\"x-http://loinc.org-15508-5\"> </a>\u00a0\u00a0<a href=\"https://loinc.org/15508-5/\">15508-5</a></td><td>http://loinc.org</td><td>Labor and delivery records</td></tr><tr><td style=\"white-space:nowrap\"><a name=\"x-http://loinc.org-11502-2\"> </a>\u00a0\u00a0<a href=\"https://loinc.org/11502-2/\">11502-2</a></td><td>http://loinc.org</td><td>Laboratory report</td></tr><tr><td style=\"white-space:nowrap\"><a name=\"x-http://loinc.org-52048-6\"> </a>\u00a0\u00a0<a href=\"https://loinc.org/52048-6/\">52048-6</a></td><td>http://loinc.org</td><td>Lymphedema pump attachment</td></tr><tr><td style=\"white-space:nowrap\"><a name=\"x-http://loinc.org-52049-4\"> </a>\u00a0\u00a0<a href=\"https://loinc.org/52049-4/\">52049-4</a></td><td>http://loinc.org</td><td>Manual wheelchair attachment</td></tr><tr><td style=\"white-space:nowrap\"><a name=\"x-http://loinc.org-11503-0\"> </a>\u00a0\u00a0<a href=\"https://loinc.org/11503-0/\">11503-0</a></td><td>http://loinc.org</td><td>Medical records</td></tr><tr><td style=\"white-space:nowrap\"><a name=\"x-http://loinc.org-28011-5\"> </a>\u00a0\u00a0<a href=\"https://loinc.org/28011-5/\">28011-5</a></td><td>http://loinc.org</td><td>Emergency department Medical records</td></tr><tr><td style=\"white-space:nowrap\"><a name=\"x-http://loinc.org-94118-7\"> </a>\u00a0\u00a0<a href=\"https://loinc.org/94118-7/\">94118-7</a></td><td>http://loinc.org</td><td>Medical records in response to authorization denial</td></tr><tr><td style=\"white-space:nowrap\"><a name=\"x-http://loinc.org-52037-9\"> </a>\u00a0\u00a0<a href=\"https://loinc.org/52037-9/\">52037-9</a></td><td>http://loinc.org</td><td>Member ID card copy</td></tr><tr><td style=\"white-space:nowrap\"><a name=\"x-http://loinc.org-52065-0\"> </a>\u00a0\u00a0<a href=\"https://loinc.org/52065-0/\">52065-0</a></td><td>http://loinc.org</td><td>Automobile liability attachment</td></tr><tr><td style=\"white-space:nowrap\"><a name=\"x-http://loinc.org-52050-2\"> </a>\u00a0\u00a0<a href=\"https://loinc.org/52050-2/\">52050-2</a></td><td>http://loinc.org</td><td>Motorized wheelchair attachment</td></tr><tr><td style=\"white-space:nowrap\"><a name=\"x-http://loinc.org-76641-0\"> </a>\u00a0\u00a0<a href=\"https://loinc.org/76641-0/\">76641-0</a></td><td>http://loinc.org</td><td>Neurology study</td></tr><tr><td style=\"white-space:nowrap\"><a name=\"x-http://loinc.org-52072-6\"> </a>\u00a0\u00a0<a href=\"https://loinc.org/52072-6/\">52072-6</a></td><td>http://loinc.org</td><td>Non-emergency transportation attachment</td></tr><tr><td style=\"white-space:nowrap\"><a name=\"x-http://loinc.org-53246-5\"> </a>\u00a0\u00a0<a href=\"https://loinc.org/53246-5/\">53246-5</a></td><td>http://loinc.org</td><td>Non-medical services attachment</td></tr><tr><td style=\"white-space:nowrap\"><a name=\"x-http://loinc.org-52066-8\"> </a>\u00a0\u00a0<a href=\"https://loinc.org/52066-8/\">52066-8</a></td><td>http://loinc.org</td><td>Notice of Discharge Medicare Appeal Rights (NODMAR) form</td></tr><tr><td style=\"white-space:nowrap\"><a name=\"x-http://loinc.org-53244-0\"> </a>\u00a0\u00a0<a href=\"https://loinc.org/53244-0/\">53244-0</a></td><td>http://loinc.org</td><td>Notice of privacy practices receipt</td></tr><tr><td style=\"white-space:nowrap\"><a name=\"x-http://loinc.org-52051-0\"> </a>\u00a0\u00a0<a href=\"https://loinc.org/52051-0/\">52051-0</a></td><td>http://loinc.org</td><td>Orthotic/Prosthetic attachment</td></tr><tr><td style=\"white-space:nowrap\"><a name=\"x-http://loinc.org-52052-8\"> </a>\u00a0\u00a0<a href=\"https://loinc.org/52052-8/\">52052-8</a></td><td>http://loinc.org</td><td>Osteogenesis stimulator attachment</td></tr><tr><td style=\"white-space:nowrap\"><a name=\"x-http://loinc.org-52053-6\"> </a>\u00a0\u00a0<a href=\"https://loinc.org/52053-6/\">52053-6</a></td><td>http://loinc.org</td><td>Oxygen attachment</td></tr><tr><td style=\"white-space:nowrap\"><a name=\"x-http://loinc.org-52054-4\"> </a>\u00a0\u00a0<a href=\"https://loinc.org/52054-4/\">52054-4</a></td><td>http://loinc.org</td><td>Parenteral nutrition attachment</td></tr><tr><td style=\"white-space:nowrap\"><a name=\"x-http://loinc.org-52067-6\"> </a>\u00a0\u00a0<a href=\"https://loinc.org/52067-6/\">52067-6</a></td><td>http://loinc.org</td><td>Past filing limit justification</td></tr><tr><td style=\"white-space:nowrap\"><a name=\"x-http://loinc.org-52034-6\"> </a>\u00a0\u00a0<a href=\"https://loinc.org/52034-6/\">52034-6</a></td><td>http://loinc.org</td><td>Payer letter</td></tr><tr><td style=\"white-space:nowrap\"><a name=\"x-http://loinc.org-28629-4\"> </a>\u00a0\u00a0<a href=\"https://loinc.org/28629-4/\">28629-4</a></td><td>http://loinc.org</td><td>Perimetry study</td></tr><tr><td style=\"white-space:nowrap\"><a name=\"x-http://loinc.org-74030-8\"> </a>\u00a0\u00a0<a href=\"https://loinc.org/74030-8/\">74030-8</a></td><td>http://loinc.org</td><td>Periodontal service attachment</td></tr><tr><td style=\"white-space:nowrap\"><a name=\"x-http://loinc.org-28633-6\"> </a>\u00a0\u00a0<a href=\"https://loinc.org/28633-6/\">28633-6</a></td><td>http://loinc.org</td><td>Polysomnography (sleep) study</td></tr><tr><td style=\"white-space:nowrap\"><a name=\"x-http://loinc.org-52055-1\"> </a>\u00a0\u00a0<a href=\"https://loinc.org/52055-1/\">52055-1</a></td><td>http://loinc.org</td><td>Power operated vehicle attachment</td></tr><tr><td style=\"white-space:nowrap\"><a name=\"x-http://loinc.org-57073-9\"> </a>\u00a0\u00a0<a href=\"https://loinc.org/57073-9/\">57073-9</a></td><td>http://loinc.org</td><td>Prenatal records</td></tr><tr><td style=\"white-space:nowrap\"><a name=\"x-http://loinc.org-52041-1\"> </a>\u00a0\u00a0<a href=\"https://loinc.org/52041-1/\">52041-1</a></td><td>http://loinc.org</td><td>Blood glucose monitor attachment</td></tr><tr><td style=\"white-space:nowrap\"><a name=\"x-http://loinc.org-52068-4\"> </a>\u00a0\u00a0<a href=\"https://loinc.org/52068-4/\">52068-4</a></td><td>http://loinc.org</td><td>Property and casualty state mandated forms</td></tr><tr><td style=\"white-space:nowrap\"><a name=\"x-http://loinc.org-52075-9\"> </a>\u00a0\u00a0<a href=\"https://loinc.org/52075-9/\">52075-9</a></td><td>http://loinc.org</td><td>Purchase invoice</td></tr><tr><td style=\"white-space:nowrap\"><a name=\"x-http://loinc.org-18823-5\"> </a>\u00a0\u00a0<a href=\"https://loinc.org/18823-5/\">18823-5</a></td><td>http://loinc.org</td><td>Alcohol and/or substance abuse service attachment</td></tr><tr><td style=\"white-space:nowrap\"><a name=\"x-http://loinc.org-18824-3\"> </a>\u00a0\u00a0<a href=\"https://loinc.org/18824-3/\">18824-3</a></td><td>http://loinc.org</td><td>Cardiac service attachment</td></tr><tr><td style=\"white-space:nowrap\"><a name=\"x-http://loinc.org-18825-0\"> </a>\u00a0\u00a0<a href=\"https://loinc.org/18825-0/\">18825-0</a></td><td>http://loinc.org</td><td>Medical social services attachment</td></tr><tr><td style=\"white-space:nowrap\"><a name=\"x-http://loinc.org-18826-8\"> </a>\u00a0\u00a0<a href=\"https://loinc.org/18826-8/\">18826-8</a></td><td>http://loinc.org</td><td>Occupational therapy service attachment</td></tr><tr><td style=\"white-space:nowrap\"><a name=\"x-http://loinc.org-19002-5\"> </a>\u00a0\u00a0<a href=\"https://loinc.org/19002-5/\">19002-5</a></td><td>http://loinc.org</td><td>Physical therapy service attachment</td></tr><tr><td style=\"white-space:nowrap\"><a name=\"x-http://loinc.org-18594-2\"> </a>\u00a0\u00a0<a href=\"https://loinc.org/18594-2/\">18594-2</a></td><td>http://loinc.org</td><td>Psychiatric service attachment</td></tr><tr><td style=\"white-space:nowrap\"><a name=\"x-http://loinc.org-52184-9\"> </a>\u00a0\u00a0<a href=\"https://loinc.org/52184-9/\">52184-9</a></td><td>http://loinc.org</td><td>Pulmonary therapy service attachment</td></tr><tr><td style=\"white-space:nowrap\"><a name=\"x-http://loinc.org-19003-3\"> </a>\u00a0\u00a0<a href=\"https://loinc.org/19003-3/\">19003-3</a></td><td>http://loinc.org</td><td>Respiratory therapy service attachment</td></tr><tr><td style=\"white-space:nowrap\"><a name=\"x-http://loinc.org-29206-0\"> </a>\u00a0\u00a0<a href=\"https://loinc.org/29206-0/\">29206-0</a></td><td>http://loinc.org</td><td>Speech therapy service attachment</td></tr><tr><td style=\"white-space:nowrap\"><a name=\"x-http://loinc.org-52056-9\"> </a>\u00a0\u00a0<a href=\"https://loinc.org/52056-9/\">52056-9</a></td><td>http://loinc.org</td><td>Repair of durable medical equipment attachment</td></tr><tr><td style=\"white-space:nowrap\"><a name=\"x-http://loinc.org-52057-7\"> </a>\u00a0\u00a0<a href=\"https://loinc.org/52057-7/\">52057-7</a></td><td>http://loinc.org</td><td>Seat lift mechanism attachment</td></tr><tr><td style=\"white-space:nowrap\"><a name=\"x-http://loinc.org-52058-5\"> </a>\u00a0\u00a0<a href=\"https://loinc.org/52058-5/\">52058-5</a></td><td>http://loinc.org</td><td>Seating system attachment</td></tr><tr><td style=\"white-space:nowrap\"><a name=\"x-http://loinc.org-52039-5\"> </a>\u00a0\u00a0<a href=\"https://loinc.org/52039-5/\">52039-5</a></td><td>http://loinc.org</td><td>Skilled Nursing Facility (SNF) record</td></tr><tr><td style=\"white-space:nowrap\"><a name=\"x-http://loinc.org-101657-5\"> </a>\u00a0\u00a0<a href=\"https://loinc.org/101657-5/\">101657-5</a></td><td>http://loinc.org</td><td>Special investigation unit (SIU) medical record request Document</td></tr><tr><td style=\"white-space:nowrap\"><a name=\"x-http://loinc.org-52059-3\"> </a>\u00a0\u00a0<a href=\"https://loinc.org/52059-3/\">52059-3</a></td><td>http://loinc.org</td><td>Speech generating device attachment</td></tr><tr><td style=\"white-space:nowrap\"><a name=\"x-http://loinc.org-52060-1\"> </a>\u00a0\u00a0<a href=\"https://loinc.org/52060-1/\">52060-1</a></td><td>http://loinc.org</td><td>Standers/standing frame attachment</td></tr><tr><td style=\"white-space:nowrap\"><a name=\"x-http://loinc.org-52038-7\"> </a>\u00a0\u00a0<a href=\"https://loinc.org/52038-7/\">52038-7</a></td><td>http://loinc.org</td><td>Subscriber Information including retroactive and presumptive eligibility</td></tr><tr><td style=\"white-space:nowrap\"><a name=\"x-http://loinc.org-52061-9\"> </a>\u00a0\u00a0<a href=\"https://loinc.org/52061-9/\">52061-9</a></td><td>http://loinc.org</td><td>Support surface attachment</td></tr><tr><td style=\"white-space:nowrap\"><a name=\"x-http://loinc.org-52069-2\"> </a>\u00a0\u00a0<a href=\"https://loinc.org/52069-2/\">52069-2</a></td><td>http://loinc.org</td><td>Tax ID number - IRS form W9</td></tr><tr><td style=\"white-space:nowrap\"><a name=\"x-http://loinc.org-103595-5\"> </a>\u00a0\u00a0<a href=\"https://loinc.org/103595-5/\">103595-5</a></td><td>http://loinc.org</td><td>Certificate of Medical Necessity</td></tr><tr><td style=\"white-space:nowrap\"><a name=\"x-http://loinc.org-103596-3\"> </a>\u00a0\u00a0<a href=\"https://loinc.org/103596-3/\">103596-3</a></td><td>http://loinc.org</td><td>Durable medical equipment proof of delivery receipt</td></tr><tr><td style=\"white-space:nowrap\"><a name=\"x-http://loinc.org-103597-1\"> </a>\u00a0\u00a0<a href=\"https://loinc.org/103597-1/\">103597-1</a></td><td>http://loinc.org</td><td>Pain management form or template</td></tr><tr><td style=\"white-space:nowrap\"><a name=\"x-http://loinc.org-46212-7\"> </a>\u00a0\u00a0<a href=\"https://loinc.org/46212-7/\">46212-7</a></td><td>http://loinc.org</td><td>Pre operative photo</td></tr><tr><td style=\"white-space:nowrap\"><a name=\"x-http://loinc.org-52459-5\"> </a>\u00a0\u00a0<a href=\"https://loinc.org/52459-5/\">52459-5</a></td><td>http://loinc.org</td><td>CMS certification number (CCN) Provider</td></tr></table></div>"
      },
      "url" : "http://hl7.org/fhir/us/davinci-cdex/ValueSet/cdex-loinc-attachment-codes",
      "identifier" : [{
        "system" : "http://loinc.org",
        "value" : "valid-hl7-attachment-requests"
      },
      {
        "system" : "urn:ietf:rfc:3986",
        "value" : "urn:oid:1.3.6.1.4.1.12009.10.2.6"
      }],
      "version" : "2.1.0",
      "name" : "CDexLOINCAttachmentCodesValueSet",
      "title" : "CDex LOINC Attachment Codes Value Set",
      "status" : "active",
      "experimental" : false,
      "date" : "2022-06-29",
      "jurisdiction" : [{
        "coding" : [{
          "system" : "urn:iso:std:iso:3166",
          "code" : "US"
        }]
      }],
      "expansion" : {
        "identifier" : "urn:uuid:5ff919ce-b394-4906-a28c-dbd030f5fb9d",
        "timestamp" : "2025-01-09T20:39:37+00:00",
        "total" : 113,
        "offset" : 0,
        "parameter" : [{
          "name" : "count",
          "valueInteger" : 1000
        },
        {
          "name" : "offset",
          "valueInteger" : 0
        },
        {
          "name" : "excludeNested",
          "valueBoolean" : false
        },
        {
          "name" : "used-valueset",
          "valueUri" : "null"
        },
        {
          "name" : "used-codesystem",
          "valueUri" : "http://loinc.org|2.78"
        },
        {
          "name" : "version",
          "valueUri" : "http://loinc.org|2.78"
        }],
        "contains" : [{
          "system" : "http://loinc.org",
          "code" : "11526-1",
          "display" : "Pathology study"
        },
        {
          "system" : "http://loinc.org",
          "code" : "11488-4",
          "display" : "Consult note"
        },
        {
          "system" : "http://loinc.org",
          "code" : "80792-5",
          "display" : "Pulmonary Diagnostic study note"
        },
        {
          "system" : "http://loinc.org",
          "code" : "47420-5",
          "display" : "Functional status assessment note"
        },
        {
          "system" : "http://loinc.org",
          "code" : "34117-2",
          "display" : "History and physical note"
        },
        {
          "system" : "http://loinc.org",
          "code" : "74156-1",
          "display" : "Oncology Plan of care and summary note"
        },
        {
          "system" : "http://loinc.org",
          "code" : "18776-5",
          "display" : "Plan of care note"
        },
        {
          "system" : "http://loinc.org",
          "code" : "80785-9",
          "display" : "Radiation oncology Plan of care note"
        },
        {
          "system" : "http://loinc.org",
          "code" : "11506-3",
          "display" : "Progress note"
        },
        {
          "system" : "http://loinc.org",
          "code" : "11504-8",
          "display" : "Surgical operation note"
        },
        {
          "system" : "http://loinc.org",
          "code" : "18842-5",
          "display" : "Discharge summary"
        },
        {
          "system" : "http://loinc.org",
          "code" : "34133-9",
          "display" : "Summary of episode note"
        },
        {
          "system" : "http://loinc.org",
          "code" : "18761-7",
          "display" : "Transfer summary note"
        },
        {
          "system" : "http://loinc.org",
          "code" : "80565-5",
          "display" : "Medication administration record"
        },
        {
          "system" : "http://loinc.org",
          "code" : "28570-0",
          "display" : "Procedure note"
        },
        {
          "system" : "http://loinc.org",
          "code" : "57133-1",
          "display" : "Referral note"
        },
        {
          "system" : "http://loinc.org",
          "code" : "52027-0",
          "display" : "Abortion consent Document"
        },
        {
          "system" : "http://loinc.org",
          "code" : "52028-8",
          "display" : "Hysterectomy consent Document"
        },
        {
          "system" : "http://loinc.org",
          "code" : "52029-6",
          "display" : "Sterilization consent Document"
        },
        {
          "system" : "http://loinc.org",
          "code" : "53245-7",
          "display" : "Driver license"
        },
        {
          "system" : "http://loinc.org",
          "code" : "57828-6",
          "display" : "Prescription list"
        },
        {
          "system" : "http://loinc.org",
          "code" : "18682-5",
          "display" : "Ambulance records"
        },
        {
          "system" : "http://loinc.org",
          "code" : "52063-5",
          "display" : "Prescription for durable medical equipment (DME)"
        },
        {
          "system" : "http://loinc.org",
          "code" : "52062-7",
          "display" : "Transcutaneous electrical neural stimulation (TENS) attachment"
        },
        {
          "system" : "http://loinc.org",
          "code" : "52073-4",
          "display" : "Vision services attachment"
        },
        {
          "system" : "http://loinc.org",
          "code" : "52070-0",
          "display" : "Workers compensation attachment"
        },
        {
          "system" : "http://loinc.org",
          "code" : "80405-4",
          "display" : "Provider Certification [Type]"
        },
        {
          "system" : "http://loinc.org",
          "code" : "53242-4",
          "display" : "Charge ticket or encounter form"
        },
        {
          "system" : "http://loinc.org",
          "code" : "52042-9",
          "display" : "Continuous positive airway pressure (CPAP) attachment"
        },
        {
          "system" : "http://loinc.org",
          "code" : "52040-3",
          "display" : "Dental X-rays and other images (not DICOM)"
        },
        {
          "system" : "http://loinc.org",
          "code" : "18748-4",
          "display" : "Diagnostic imaging study"
        },
        {
          "system" : "http://loinc.org",
          "code" : "53243-2",
          "display" : "Advanced beneficiary notice"
        },
        {
          "system" : "http://loinc.org",
          "code" : "53247-3",
          "display" : "Eligibility acknowledgement"
        },
        {
          "system" : "http://loinc.org",
          "code" : "52071-8",
          "display" : "Employee assistance program attachment"
        },
        {
          "system" : "http://loinc.org",
          "code" : "67796-3",
          "display" : "EMS patient care report - version 3 Document NEMSIS"
        },
        {
          "system" : "http://loinc.org",
          "code" : "77601-3",
          "display" : "Enhanced note"
        },
        {
          "system" : "http://loinc.org",
          "code" : "52043-7",
          "display" : "Enteral nutrition attachment"
        },
        {
          "system" : "http://loinc.org",
          "code" : "11514-7",
          "display" : "Chiropractic Episode of care medical records"
        },
        {
          "system" : "http://loinc.org",
          "code" : "11521-2",
          "display" : "Occupational therapy Episode of care medical records"
        },
        {
          "system" : "http://loinc.org",
          "code" : "11515-4",
          "display" : "Physical therapy Episode of care medical records"
        },
        {
          "system" : "http://loinc.org",
          "code" : "11516-2",
          "display" : "Physician Episode of care medical records"
        },
        {
          "system" : "http://loinc.org",
          "code" : "11517-0",
          "display" : "Podiatry Episode of care medical records"
        },
        {
          "system" : "http://loinc.org",
          "code" : "11518-8",
          "display" : "Psychology Episode of care medical records"
        },
        {
          "system" : "http://loinc.org",
          "code" : "11519-6",
          "display" : "Social service Episode of care medical records"
        },
        {
          "system" : "http://loinc.org",
          "code" : "11520-4",
          "display" : "Speech therapy Episode of care medical records"
        },
        {
          "system" : "http://loinc.org",
          "code" : "52030-4",
          "display" : "Explanation of benefits"
        },
        {
          "system" : "http://loinc.org",
          "code" : "52031-2",
          "display" : "Explanation of benefits to subscriber"
        },
        {
          "system" : "http://loinc.org",
          "code" : "52044-5",
          "display" : "External infusion pump attachment"
        },
        {
          "system" : "http://loinc.org",
          "code" : "103567-4",
          "display" : "Previous cancer therapy (narrative)"
        },
        {
          "system" : "http://loinc.org",
          "code" : "52064-3",
          "display" : "Worker's compensation first report of injury attachment"
        },
        {
          "system" : "http://loinc.org",
          "code" : "52045-2",
          "display" : "Gait trainers attachment"
        },
        {
          "system" : "http://loinc.org",
          "code" : "52033-8",
          "display" : "General correspondence attachment"
        },
        {
          "system" : "http://loinc.org",
          "code" : "11485-0",
          "display" : "Anesthesia records"
        },
        {
          "system" : "http://loinc.org",
          "code" : "52035-3",
          "display" : "Home health claims"
        },
        {
          "system" : "http://loinc.org",
          "code" : "52036-1",
          "display" : "Home health prior authorization"
        },
        {
          "system" : "http://loinc.org",
          "code" : "52046-0",
          "display" : "Hospital beds attachment"
        },
        {
          "system" : "http://loinc.org",
          "code" : "52032-0",
          "display" : "Appeal denial letter"
        },
        {
          "system" : "http://loinc.org",
          "code" : "52047-8",
          "display" : "Immunosuppressive drug attachment"
        },
        {
          "system" : "http://loinc.org",
          "code" : "77600-5",
          "display" : "Interval note"
        },
        {
          "system" : "http://loinc.org",
          "code" : "94093-2",
          "display" : "Itemized bill"
        },
        {
          "system" : "http://loinc.org",
          "code" : "15508-5",
          "display" : "Labor and delivery records"
        },
        {
          "system" : "http://loinc.org",
          "code" : "11502-2",
          "display" : "Laboratory report"
        },
        {
          "system" : "http://loinc.org",
          "code" : "52048-6",
          "display" : "Lymphedema pump attachment"
        },
        {
          "system" : "http://loinc.org",
          "code" : "52049-4",
          "display" : "Manual wheelchair attachment"
        },
        {
          "system" : "http://loinc.org",
          "code" : "11503-0",
          "display" : "Medical records"
        },
        {
          "system" : "http://loinc.org",
          "code" : "28011-5",
          "display" : "Emergency department Medical records"
        },
        {
          "system" : "http://loinc.org",
          "code" : "94118-7",
          "display" : "Medical records in response to authorization denial"
        },
        {
          "system" : "http://loinc.org",
          "code" : "52037-9",
          "display" : "Member ID card copy"
        },
        {
          "system" : "http://loinc.org",
          "code" : "52065-0",
          "display" : "Automobile liability attachment"
        },
        {
          "system" : "http://loinc.org",
          "code" : "52050-2",
          "display" : "Motorized wheelchair attachment"
        },
        {
          "system" : "http://loinc.org",
          "code" : "76641-0",
          "display" : "Neurology study"
        },
        {
          "system" : "http://loinc.org",
          "code" : "52072-6",
          "display" : "Non-emergency transportation attachment"
        },
        {
          "system" : "http://loinc.org",
          "code" : "53246-5",
          "display" : "Non-medical services attachment"
        },
        {
          "system" : "http://loinc.org",
          "code" : "52066-8",
          "display" : "Notice of Discharge Medicare Appeal Rights (NODMAR) form"
        },
        {
          "system" : "http://loinc.org",
          "code" : "53244-0",
          "display" : "Notice of privacy practices receipt"
        },
        {
          "system" : "http://loinc.org",
          "code" : "52051-0",
          "display" : "Orthotic/Prosthetic attachment"
        },
        {
          "system" : "http://loinc.org",
          "code" : "52052-8",
          "display" : "Osteogenesis stimulator attachment"
        },
        {
          "system" : "http://loinc.org",
          "code" : "52053-6",
          "display" : "Oxygen attachment"
        },
        {
          "system" : "http://loinc.org",
          "code" : "52054-4",
          "display" : "Parenteral nutrition attachment"
        },
        {
          "system" : "http://loinc.org",
          "code" : "52067-6",
          "display" : "Past filing limit justification"
        },
        {
          "system" : "http://loinc.org",
          "code" : "52034-6",
          "display" : "Payer letter"
        },
        {
          "system" : "http://loinc.org",
          "code" : "28629-4",
          "display" : "Perimetry study"
        },
        {
          "system" : "http://loinc.org",
          "code" : "74030-8",
          "display" : "Periodontal service attachment"
        },
        {
          "system" : "http://loinc.org",
          "code" : "28633-6",
          "display" : "Polysomnography (sleep) study"
        },
        {
          "system" : "http://loinc.org",
          "code" : "52055-1",
          "display" : "Power operated vehicle attachment"
        },
        {
          "system" : "http://loinc.org",
          "code" : "57073-9",
          "display" : "Prenatal records"
        },
        {
          "system" : "http://loinc.org",
          "code" : "52041-1",
          "display" : "Blood glucose monitor attachment"
        },
        {
          "system" : "http://loinc.org",
          "code" : "52068-4",
          "display" : "Property and casualty state mandated forms"
        },
        {
          "system" : "http://loinc.org",
          "code" : "52075-9",
          "display" : "Purchase invoice"
        },
        {
          "system" : "http://loinc.org",
          "code" : "18823-5",
          "display" : "Alcohol and/or substance abuse service attachment"
        },
        {
          "system" : "http://loinc.org",
          "code" : "18824-3",
          "display" : "Cardiac service attachment"
        },
        {
          "system" : "http://loinc.org",
          "code" : "18825-0",
          "display" : "Medical social services attachment"
        },
        {
          "system" : "http://loinc.org",
          "code" : "18826-8",
          "display" : "Occupational therapy service attachment"
        },
        {
          "system" : "http://loinc.org",
          "code" : "19002-5",
          "display" : "Physical therapy service attachment"
        },
        {
          "system" : "http://loinc.org",
          "code" : "18594-2",
          "display" : "Psychiatric service attachment"
        },
        {
          "system" : "http://loinc.org",
          "code" : "52184-9",
          "display" : "Pulmonary therapy service attachment"
        },
        {
          "system" : "http://loinc.org",
          "code" : "19003-3",
          "display" : "Respiratory therapy service attachment"
        },
        {
          "system" : "http://loinc.org",
          "code" : "29206-0",
          "display" : "Speech therapy service attachment"
        },
        {
          "system" : "http://loinc.org",
          "code" : "52056-9",
          "display" : "Repair of durable medical equipment attachment"
        },
        {
          "system" : "http://loinc.org",
          "code" : "52057-7",
          "display" : "Seat lift mechanism attachment"
        },
        {
          "system" : "http://loinc.org",
          "code" : "52058-5",
          "display" : "Seating system attachment"
        },
        {
          "system" : "http://loinc.org",
          "code" : "52039-5",
          "display" : "Skilled Nursing Facility (SNF) record"
        },
        {
          "system" : "http://loinc.org",
          "code" : "101657-5",
          "display" : "Special investigation unit (SIU) medical record request Document"
        },
        {
          "system" : "http://loinc.org",
          "code" : "52059-3",
          "display" : "Speech generating device attachment"
        },
        {
          "system" : "http://loinc.org",
          "code" : "52060-1",
          "display" : "Standers/standing frame attachment"
        },
        {
          "system" : "http://loinc.org",
          "code" : "52038-7",
          "display" : "Subscriber Information including retroactive and presumptive eligibility"
        },
        {
          "system" : "http://loinc.org",
          "code" : "52061-9",
          "display" : "Support surface attachment"
        },
        {
          "system" : "http://loinc.org",
          "code" : "52069-2",
          "display" : "Tax ID number - IRS form W9"
        },
        {
          "system" : "http://loinc.org",
          "code" : "103595-5",
          "display" : "Certificate of Medical Necessity"
        },
        {
          "system" : "http://loinc.org",
          "code" : "103596-3",
          "display" : "Durable medical equipment proof of delivery receipt"
        },
        {
          "system" : "http://loinc.org",
          "code" : "103597-1",
          "display" : "Pain management form or template"
        },
        {
          "system" : "http://loinc.org",
          "code" : "46212-7",
          "display" : "Pre operative photo"
        },
        {
          "system" : "http://loinc.org",
          "code" : "52459-5",
          "display" : "CMS certification number (CCN) Provider"
        }]
      }
    }
  },
  {
    "fullUrl" : "http://hl7.org/fhir/us/davinci-cdex/ValueSet/cdex-work-queue",
    "resource" : {
      "resourceType" : "ValueSet",
      "text" : {
        "status" : "generated",
        "div" : "<div xmlns=\"http://www.w3.org/1999/xhtml\"><p class=\"res-header-id\"><b>Generated Narrative: ValueSet </b></p><p style=\"border: black 1px dotted; background-color: #EEEEEE; padding: 8px; margin-bottom: 8px\">Expansion based on <a href=\"CodeSystem-cdex-temp.html\">codesystem CDex Temporary Code System v2.1.0 (CodeSystem)</a></p><p>This value set contains 12 concepts</p><table class=\"codes\"><tr><td style=\"white-space:nowrap\"><b>Code</b></td><td><b>System</b></td><td><b>Display</b></td><td><b>Definition</b></td></tr><tr><td style=\"white-space:nowrap\"><a name=\"x-http://hl7.org/fhir/us/davinci-cdex/CodeSystem/cdex-temp-claims-processing\"> </a>\u00a0\u00a0<a href=\"CodeSystem-cdex-temp.html#cdex-temp-claims-processing\">claims-processing</a></td><td>http://hl7.org/fhir/us/davinci-cdex/CodeSystem/cdex-temp</td><td>Claim Processing</td><td><div><p>Request for data necessary from payers to support claims for services.</p>\n</div></td></tr><tr><td style=\"white-space:nowrap\"><a name=\"x-http://hl7.org/fhir/us/davinci-cdex/CodeSystem/cdex-temp-preauth-processing\"> </a>\u00a0\u00a0<a href=\"CodeSystem-cdex-temp.html#cdex-temp-preauth-processing\">preauth-processing</a></td><td>http://hl7.org/fhir/us/davinci-cdex/CodeSystem/cdex-temp</td><td>Pre-authorization Processing</td><td><div><p>Request for data necessary from payers to support pre-authorization for services.</p>\n</div></td></tr><tr><td style=\"white-space:nowrap\"><a name=\"x-http://hl7.org/fhir/us/davinci-cdex/CodeSystem/cdex-temp-risk-adjustment\"> </a>\u00a0\u00a0<a href=\"CodeSystem-cdex-temp.html#cdex-temp-risk-adjustment\">risk-adjustment</a></td><td>http://hl7.org/fhir/us/davinci-cdex/CodeSystem/cdex-temp</td><td>Risk Adjustment</td><td><div><p>Request for data from payers to calculate differences in beneficiary-level risk factors that can affect quality outcomes or medical costs, regardless of the care provided.</p>\n</div></td></tr><tr><td style=\"white-space:nowrap\"><a name=\"x-http://hl7.org/fhir/us/davinci-cdex/CodeSystem/cdex-temp-quality-metrics\"> </a>\u00a0\u00a0<a href=\"CodeSystem-cdex-temp.html#cdex-temp-quality-metrics\">quality-metrics</a></td><td>http://hl7.org/fhir/us/davinci-cdex/CodeSystem/cdex-temp</td><td>Quality Metrics</td><td><div><p>Request for data used for aggregation, calculation and analysis, and ultimately reporting of quality measures.</p>\n</div></td></tr><tr><td style=\"white-space:nowrap\"><a name=\"x-http://hl7.org/fhir/us/davinci-cdex/CodeSystem/cdex-temp-referral\"> </a>\u00a0\u00a0<a href=\"CodeSystem-cdex-temp.html#cdex-temp-referral\">referral</a></td><td>http://hl7.org/fhir/us/davinci-cdex/CodeSystem/cdex-temp</td><td>Referral</td><td><div><p>Request for additional clinical information from referring provider to support performing the requested service.</p>\n</div></td></tr><tr><td style=\"white-space:nowrap\"><a name=\"x-http://hl7.org/fhir/us/davinci-cdex/CodeSystem/cdex-temp-social-care\"> </a>\u00a0\u00a0<a href=\"CodeSystem-cdex-temp.html#cdex-temp-social-care\">social-care</a></td><td>http://hl7.org/fhir/us/davinci-cdex/CodeSystem/cdex-temp</td><td>Social Care</td><td><div><p>Request for data from payers to support the non-medical social needs of individuals, especially the elderly, vulnerable or with special needs.</p>\n</div></td></tr><tr><td style=\"white-space:nowrap\"><a name=\"x-http://hl7.org/fhir/us/davinci-cdex/CodeSystem/cdex-temp-authorization-other\"> </a>\u00a0\u00a0<a href=\"CodeSystem-cdex-temp.html#cdex-temp-authorization-other\">authorization-other</a></td><td>http://hl7.org/fhir/us/davinci-cdex/CodeSystem/cdex-temp</td><td>Other Authorization</td><td><div><p>Request for data from payers for other authorization request not otherwise specified.</p>\n</div></td></tr><tr><td style=\"white-space:nowrap\"><a name=\"x-http://hl7.org/fhir/us/davinci-cdex/CodeSystem/cdex-temp-care-coordination\"> </a>\u00a0\u00a0<a href=\"CodeSystem-cdex-temp.html#cdex-temp-care-coordination\">care-coordination</a></td><td>http://hl7.org/fhir/us/davinci-cdex/CodeSystem/cdex-temp</td><td>Care Coordination</td><td><div><p>Request for data from payers to create a complete clinical record for each of their members to improve care coordination and provide optimum medical care.</p>\n</div></td></tr><tr><td style=\"white-space:nowrap\"><a name=\"x-http://hl7.org/fhir/us/davinci-cdex/CodeSystem/cdex-temp-documentation-general\"> </a>\u00a0\u00a0<a href=\"CodeSystem-cdex-temp.html#cdex-temp-documentation-general\">documentation-general</a></td><td>http://hl7.org/fhir/us/davinci-cdex/CodeSystem/cdex-temp</td><td>General Documentation</td><td><div><p>Request for data used from payers or providers for general documentation.</p>\n</div></td></tr><tr><td style=\"white-space:nowrap\"><a name=\"x-http://hl7.org/fhir/us/davinci-cdex/CodeSystem/cdex-temp-orders\"> </a>\u00a0\u00a0<a href=\"CodeSystem-cdex-temp.html#cdex-temp-orders\">orders</a></td><td>http://hl7.org/fhir/us/davinci-cdex/CodeSystem/cdex-temp</td><td>Orders</td><td><div><p>Request for additional clinical information from referring provider to support orders.</p>\n</div></td></tr><tr><td style=\"white-space:nowrap\"><a name=\"x-http://hl7.org/fhir/us/davinci-cdex/CodeSystem/cdex-temp-patient-status\"> </a>\u00a0\u00a0<a href=\"CodeSystem-cdex-temp.html#cdex-temp-patient-status\">patient-status</a></td><td>http://hl7.org/fhir/us/davinci-cdex/CodeSystem/cdex-temp</td><td>Patient Status</td><td><div><p>Requests for patient health record information from payers to support their payer member records.</p>\n</div></td></tr><tr><td style=\"white-space:nowrap\"><a name=\"x-http://hl7.org/fhir/us/davinci-cdex/CodeSystem/cdex-temp-signature\"> </a>\u00a0\u00a0<a href=\"CodeSystem-cdex-temp.html#cdex-temp-signature\">signature</a></td><td>http://hl7.org/fhir/us/davinci-cdex/CodeSystem/cdex-temp</td><td>Signature</td><td><div><p>Request for signatures from payers or providers on requested data.</p>\n</div></td></tr></table></div>"
      },
      "url" : "http://hl7.org/fhir/us/davinci-cdex/ValueSet/cdex-work-queue",
      "identifier" : [{
        "system" : "urn:ietf:rfc:3986",
        "value" : "urn:oid:2.16.840.1.113883.4.642.40.21.48.5"
      }],
      "version" : "2.1.0",
      "name" : "CDexWorkQueueCodes",
      "title" : "CDex Work Queue Value Set",
      "status" : "active",
      "experimental" : false,
      "date" : "2022-10-24",
      "jurisdiction" : [{
        "coding" : [{
          "system" : "urn:iso:std:iso:3166",
          "code" : "US"
        }]
      }],
      "expansion" : {
        "identifier" : "urn:uuid:c263a76e-286b-46fd-8e45-5bf1709d24d3",
        "timestamp" : "2025-01-09T20:39:45+00:00",
        "total" : 12,
        "offset" : 0,
        "parameter" : [{
          "name" : "count",
          "valueInteger" : 1000
        },
        {
          "name" : "offset",
          "valueInteger" : 0
        },
        {
          "name" : "excludeNested",
          "valueBoolean" : false
        },
        {
          "name" : "used-codesystem",
          "valueUri" : "http://hl7.org/fhir/us/davinci-cdex/CodeSystem/cdex-temp|2.1.0"
        }],
        "contains" : [{
          "system" : "http://hl7.org/fhir/us/davinci-cdex/CodeSystem/cdex-temp",
          "code" : "claims-processing",
          "display" : "Claim Processing"
        },
        {
          "system" : "http://hl7.org/fhir/us/davinci-cdex/CodeSystem/cdex-temp",
          "code" : "preauth-processing",
          "display" : "Pre-authorization Processing"
        },
        {
          "system" : "http://hl7.org/fhir/us/davinci-cdex/CodeSystem/cdex-temp",
          "code" : "risk-adjustment",
          "display" : "Risk Adjustment"
        },
        {
          "system" : "http://hl7.org/fhir/us/davinci-cdex/CodeSystem/cdex-temp",
          "code" : "quality-metrics",
          "display" : "Quality Metrics"
        },
        {
          "system" : "http://hl7.org/fhir/us/davinci-cdex/CodeSystem/cdex-temp",
          "code" : "referral",
          "display" : "Referral"
        },
        {
          "system" : "http://hl7.org/fhir/us/davinci-cdex/CodeSystem/cdex-temp",
          "code" : "social-care",
          "display" : "Social Care"
        },
        {
          "system" : "http://hl7.org/fhir/us/davinci-cdex/CodeSystem/cdex-temp",
          "code" : "authorization-other",
          "display" : "Other Authorization"
        },
        {
          "system" : "http://hl7.org/fhir/us/davinci-cdex/CodeSystem/cdex-temp",
          "code" : "care-coordination",
          "display" : "Care Coordination"
        },
        {
          "system" : "http://hl7.org/fhir/us/davinci-cdex/CodeSystem/cdex-temp",
          "code" : "documentation-general",
          "display" : "General Documentation"
        },
        {
          "system" : "http://hl7.org/fhir/us/davinci-cdex/CodeSystem/cdex-temp",
          "code" : "orders",
          "display" : "Orders"
        },
        {
          "system" : "http://hl7.org/fhir/us/davinci-cdex/CodeSystem/cdex-temp",
          "code" : "patient-status",
          "display" : "Patient Status"
        },
        {
          "system" : "http://hl7.org/fhir/us/davinci-cdex/CodeSystem/cdex-temp",
          "code" : "signature",
          "display" : "Signature"
        }]
      }
    }
  }]
}