<?xml version="1.0" encoding="UTF-8"?>

<Bundle xmlns="http://hl7.org/fhir">
  <id value="cdex-searchbundle-scenario1-example"/>
  <meta>
    <lastUpdated value="2020-10-23T04:54:56.048+00:00"/>
  </meta>
  <type value="searchset"/>
  <total value="1"/>
  <link>
    <relation value="self"/>
    <url value="http://hapi.fhir.org/baseR4/Condition?patient=06e1f0dd-5fbe-4480-9bb4-6b54ec02d31b&amp;clinical-status=active,recurrance,remission"/>
  </link>
  <entry>
    <fullUrl value="http://hapi.fhir.org/baseR4/Condition/4ac41715-fcbd-421c-8796-9b2c9706dd3f"/>
    <resource>
      <Condition>
        <id value="4ac41715-fcbd-421c-8796-9b2c9706dd3f"/>
        <meta>
          <versionId value="10"/>
          <lastUpdated value="2020-04-28T20:28:00.008+00:00"/>
          <source value="#cabiJIK51sD2iz4N"/>
        </meta>
        <text>
          <status value="generated"/><div xmlns="http://www.w3.org/1999/xhtml"><a name="Condition_4ac41715-fcbd-421c-8796-9b2c9706dd3f"> </a><p class="res-header-id"><b>Generated Narrative: Condition 4ac41715-fcbd-421c-8796-9b2c9706dd3f</b></p><a name="4ac41715-fcbd-421c-8796-9b2c9706dd3f"> </a><a name="hc4ac41715-fcbd-421c-8796-9b2c9706dd3f"> </a><a name="4ac41715-fcbd-421c-8796-9b2c9706dd3f-en-US"> </a><div style="display: inline-block; background-color: #d9e0e7; padding: 6px; margin: 4px; border: 1px solid #8da1b4; border-radius: 5px; line-height: 60%"><p style="margin-bottom: 0px">version: 10; Last updated: 2020-04-28 20:28:00+0000; </p><p style="margin-bottom: 0px">Information Source: #cabiJIK51sD2iz4N</p></div><p><b>clinicalStatus</b>: <span title="Codes:{http://terminology.hl7.org/CodeSystem/condition-clinical active}">Active</span></p><p><b>verificationStatus</b>: <span title="Codes:{http://terminology.hl7.org/CodeSystem/condition-ver-status confirmed}">Confirmed</span></p><p><b>category</b>: <span title="Codes:{http://terminology.hl7.org/CodeSystem/condition-category encounter-diagnosis}">Encounter Diagnosis</span></p><p><b>code</b>: <span title="Codes:{http://snomed.info/sct 122481008}">Hammer Toe</span></p><p><b>subject</b>: <a href="http://example.org/cdex/provider/fhir/Patient/06e1f0dd-5fbe-4480-9bb4-6b54ec02d31b">http://example.org/cdex/provider/fhir/Patient/06e1f0dd-5fbe-4480-9bb4-6b54ec02d31b</a></p><p><b>encounter</b>: <a href="http://example.org/cdex/provider/fhir/Encounter/5fe62cd5-bfcf-4d3b-a1e9-80d6f75d6f82">http://example.org/cdex/provider/fhir/Encounter/5fe62cd5-bfcf-4d3b-a1e9-80d6f75d6f82</a></p><p><b>onset</b>: 2018-10-21 21:22:15-0700</p><p><b>recordedDate</b>: 2018-10-21 21:22:15-0700</p></div>
        </text>
        <clinicalStatus>
          <coding>
            <system value="http://terminology.hl7.org/CodeSystem/condition-clinical"/>
            <code value="active"/>
          </coding>
        </clinicalStatus>
        <verificationStatus>
          <coding>
            <system value="http://terminology.hl7.org/CodeSystem/condition-ver-status"/>
            <code value="confirmed"/>
          </coding>
        </verificationStatus>
        <category>
          <coding>
            <system value="http://terminology.hl7.org/CodeSystem/condition-category"/>
            <code value="encounter-diagnosis"/>
            <display value="Encounter Diagnosis"/>
          </coding>
        </category>
        <code>
          <coding>
            <system value="http://snomed.info/sct"/>
            <code value="122481008"/>
            <display value="Hammer toe (disorder)"/>
          </coding>
          <text value="Hammer Toe"/>
        </code>
        <subject>
          <reference value="http://example.org/cdex/provider/fhir/Patient/06e1f0dd-5fbe-4480-9bb4-6b54ec02d31b"/>
        </subject>
        <encounter>
          <reference value="http://example.org/cdex/provider/fhir/Encounter/5fe62cd5-bfcf-4d3b-a1e9-80d6f75d6f82"/>
        </encounter>
        <onsetDateTime value="2018-10-21T21:22:15-07:00"/>
        <recordedDate value="2018-10-21T21:22:15-07:00"/>
      </Condition>
    </resource>
    <search>
      <mode value="match"/>
    </search>
  </entry>
</Bundle>