<?xml version="1.0" encoding="UTF-8"?>

<CapabilityStatement xmlns="http://hl7.org/fhir">
  <id value="cdex-capabilitystatement-inline-example"/>
  <text>
    <status value="extensions"/><div xmlns="http://www.w3.org/1999/xhtml"><p class="res-header-id"><b>Generated Narrative: CapabilityStatement cdex-capabilitystatement-inline-example</b></p><a name="cdex-capabilitystatement-inline-example"> </a><a name="hccdex-capabilitystatement-inline-example"> </a><a name="cdex-capabilitystatement-inline-example-en-US"> </a><h2 id="title"/><ul><li>Implementation Guide Version: 2.1.0 </li><li>FHIR Version: 4.0.1 </li><li>Supported Formats: <code>json</code></li><li>Supported Patch Formats: </li><li>Published on: 2024-05-16 </li><li>Published by: HL7 International / Payer/Provider Information Exchange Work Group </li></ul><blockquote class="impl-note"><p><strong>Note to Implementers: FHIR Capabilities</strong></p><p>Any FHIR capability may be 'allowed' by the system unless explicitly marked as 'SHALL NOT'. A few items are marked as MAY in the Implementation Guide to highlight their potential relevance to the use case.</p></blockquote><p>This CapabilityStatement instantiates the CapabilityStatement <a href="http://hl7.org/fhir/uv/subscriptions-backport/STU1.1/CapabilityStatement-backport-subscription-server-r4.html">BackportSubscriptionCapabilityStatementR4version: null1.1.0)</a></p><h2 id="rest">FHIR RESTful Capabilities</h2><div class="panel panel-default"><div class="panel-heading"><h3 id="mode1" class="panel-title">Mode: <code>server</code></h3></div><div class="panel-body"><div class="lead"><em>Summary of System-wide Interactions</em></div></div></div><h3 id="resourcesCap1">Capabilities by Resource/Profile</h3><h4 id="resourcesSummary1">Summary</h4><p>The summary table lists the resources that are part of this configuration, and for each resource it lists:</p><ul><li>The relevant profiles (if any)</li><li>The interactions supported by each resource (<b><span class="bg-info">R</span></b>ead, <b><span class="bg-info">S</span></b>earch, <b><span class="bg-info">U</span></b>pdate, and <b><span class="bg-info">C</span></b>reate, are always shown, while <b><span class="bg-info">VR</span></b>ead, <b><span class="bg-info">P</span></b>atch, <b><span class="bg-info">D</span></b>elete, <b><span class="bg-info">H</span></b>istory on <b><span class="bg-info">I</span></b>nstance, or <b><span class="bg-info">H</span></b>istory on <b><span class="bg-info">T</span></b>ype are only present if at least one of the resources has support for them.</li><li><span>The required, recommended, and some optional search parameters (if any). </span></li><li>The linked resources enabled for <code>_include</code></li><li>The other resources enabled for <code>_revinclude</code></li><li>The operations on the resource (if any)</li></ul><div class="table-responsive"><table class="table table-condensed table-hover"><thead><tr><th><b>Resource Type</b></th><th><b>Profile</b></th><th class="text-center"><b title="GET a resource (read interaction)">R</b></th><th class="text-center"><b title="GET all set of resources of the type (search interaction)">S</b></th><th class="text-center"><b title="PUT a new resource version (update interaction)">U</b></th><th class="text-center"><b title="POST a new resource (create interaction)">C</b></th><th class="text-center"><b title="DELETE a resource (delete interaction)">D</b></th><th><b title="Required and recommended search parameters">Searches</b></th><th><code><b>_include</b></code></th><th><code><b>_revinclude</b></code></th><th><b>Operations</b></th></tr></thead><tbody><tr><td><a href="#Subscription1-1">Subscription</a></td><td>Supported Profiles<br/>  <a href="http://hl7.org/fhir/uv/subscriptions-backport/STU1.1/StructureDefinition-backport-subscription.html">R4/B Topic-Based Subscriptionversion: null1.1.0)</a></td><td class="text-center">y</td><td class="text-center"></td><td class="text-center">y</td><td class="text-center">y</td><td class="text-center"></td><td></td><td/><td/><td><code>$status</code></td></tr><tr><td><a href="#Patient1-2">Patient</a></td><td> </td><td class="text-center">y</td><td class="text-center"></td><td class="text-center">y</td><td class="text-center">y</td><td class="text-center">y</td><td></td><td/><td/><td/></tr><tr><td><a href="#Encounter1-3">Encounter</a></td><td> </td><td class="text-center">y</td><td class="text-center"></td><td class="text-center">y</td><td class="text-center">y</td><td class="text-center">y</td><td></td><td/><td/><td/></tr><tr><td><a href="#Observation1-4">Observation</a></td><td> </td><td class="text-center">y</td><td class="text-center"></td><td class="text-center">y</td><td class="text-center">y</td><td class="text-center">y</td><td></td><td/><td/><td/></tr></tbody></table></div><hr/><div class="panel panel-default"><div class="panel-heading"><h4 id="Subscription1-1" class="panel-title"><span style="float: right;">Resource Conformance: supported </span>Subscription</h4></div><div class="panel-body"><div class="container"><div class="row"><div class="col-lg-4"><span class="lead">Core FHIR Resource</span><br/><a href="http://hl7.org/fhir/R4/subscription.html">Subscription</a></div><div class="col-lg-4"><span class="lead">Reference Policy</span><br/></div><div class="col-lg-4"><span class="lead">Interaction summary</span><br/><ul><li>Supports <code>read</code>, <code>create</code>, <code>update</code>.</li></ul></div></div><p/><div class="row"><div class="col-6"><span class="lead">Supported Profiles</span><p><a href="http://hl7.org/fhir/uv/subscriptions-backport/STU1.1/StructureDefinition-backport-subscription.html">R4/B Topic-Based Subscriptionversion: null1.1.0)</a></p></div></div><p/><div class="row"><div class="col-12"><span class="lead">Extended Operations</span><table class="table table-condensed table-hover"><thead><tr><th>Conformance</th><th>Operation</th><th>Documentation</th></tr></thead><tbody><tr><td><b>SHALL</b></td><td><a href="http://hl7.org/fhir/uv/subscriptions-backport/STU1.1/OperationDefinition-backport-subscription-status.html">$status</a></td><td><div/></td></tr></tbody></table></div></div></div></div></div><div class="panel panel-default"><div class="panel-heading"><h4 id="Patient1-2" class="panel-title"><span style="float: right;">Resource Conformance: supported </span>Patient</h4></div><div class="panel-body"><div class="container"><div class="row"><div class="col-lg-4"><span class="lead">Core FHIR Resource</span><br/><a href="http://hl7.org/fhir/R4/patient.html">Patient</a></div><div class="col-lg-4"><span class="lead">Reference Policy</span><br/></div><div class="col-lg-4"><span class="lead">Interaction summary</span><br/><ul><li>Supports <code>read</code>, <code>create</code>, <code>update</code>, <code>delete</code>.</li></ul></div></div><p/><p/></div></div></div><div class="panel panel-default"><div class="panel-heading"><h4 id="Encounter1-3" class="panel-title"><span style="float: right;">Resource Conformance: supported </span>Encounter</h4></div><div class="panel-body"><div class="container"><div class="row"><div class="col-lg-4"><span class="lead">Core FHIR Resource</span><br/><a href="http://hl7.org/fhir/R4/encounter.html">Encounter</a></div><div class="col-lg-4"><span class="lead">Reference Policy</span><br/></div><div class="col-lg-4"><span class="lead">Interaction summary</span><br/><ul><li>Supports <code>read</code>, <code>create</code>, <code>update</code>, <code>delete</code>.</li></ul></div></div><p/><p/></div></div></div><div class="panel panel-default"><div class="panel-heading"><h4 id="Observation1-4" class="panel-title"><span style="float: right;">Resource Conformance: supported </span>Observation</h4></div><div class="panel-body"><div class="container"><div class="row"><div class="col-lg-4"><span class="lead">Core FHIR Resource</span><br/><a href="http://hl7.org/fhir/R4/observation.html">Observation</a></div><div class="col-lg-4"><span class="lead">Reference Policy</span><br/></div><div class="col-lg-4"><span class="lead">Interaction summary</span><br/><ul><li>Supports <code>read</code>, <code>create</code>, <code>update</code>, <code>delete</code>.</li></ul></div></div><p/><p/></div></div></div></div>
  </text>
  <url value="http://hl7.org/fhir/us/davinci-cdex/CapabilityStatement/cdex-capabilitystatement-inline-example"/>
  <version value="2.1.0"/>
  <status value="active"/>
  <date value="2024-05-16"/>
  <publisher value="HL7 International / Payer/Provider Information Exchange Work Group"/>
  <contact>
    <name value="HL7 International / Payer/Provider Information Exchange Work Group"/>
    <telecom>
      <system value="url"/>
      <value value="http://www.hl7.org/Special/committees/claims"/>
    </telecom>
    <telecom>
      <system value="email"/>
      <value value="pie@lists.hl7.org"/>
    </telecom>
  </contact>
  <description value="R4 example of a CapabilityStatement advertising support for CDex Task Update topic-based subscription"/>
  <jurisdiction>
    <coding>
      <system value="urn:iso:std:iso:3166"/>
      <code value="US"/>
    </coding>
  </jurisdiction>
  <copyright value="Used by permission of HL7 International all rights reserved Creative Commons License"/>
  <kind value="requirements"/>
  <instantiates value="http://hl7.org/fhir/uv/subscriptions-backport/CapabilityStatement/backport-subscription-server-r4|1.1.0"/>
  <fhirVersion value="4.0.1"/>
  <format value="json"/>
  <rest>
    <mode value="server"/>
    <resource>
      <extension url="http://hl7.org/fhir/uv/subscriptions-backport/StructureDefinition/capabilitystatement-subscriptiontopic-canonical">
        <valueCanonical value="http://hl7.org/fhir/us/davinci-hrex/SubscriptionTopic/Task"/>
      </extension>
      <type value="Subscription"/>
      <supportedProfile value="http://hl7.org/fhir/uv/subscriptions-backport/StructureDefinition/backport-subscription|1.1.0"/>
      <interaction>
        <code value="read"/>
      </interaction>
      <interaction>
        <code value="create"/>
      </interaction>
      <interaction>
        <code value="update"/>
      </interaction>
      <operation>
        <name value="status"/>
        <definition value="http://hl7.org/fhir/uv/subscriptions-backport/OperationDefinition/backport-subscription-status"/>
      </operation>
    </resource>
    <resource>
      <type value="Patient"/>
      <interaction>
        <code value="read"/>
      </interaction>
      <interaction>
        <code value="create"/>
      </interaction>
      <interaction>
        <code value="update"/>
      </interaction>
      <interaction>
        <code value="delete"/>
      </interaction>
    </resource>
    <resource>
      <type value="Encounter"/>
      <interaction>
        <code value="read"/>
      </interaction>
      <interaction>
        <code value="create"/>
      </interaction>
      <interaction>
        <code value="update"/>
      </interaction>
      <interaction>
        <code value="delete"/>
      </interaction>
    </resource>
    <resource>
      <type value="Observation"/>
      <interaction>
        <code value="read"/>
      </interaction>
      <interaction>
        <code value="create"/>
      </interaction>
      <interaction>
        <code value="update"/>
      </interaction>
      <interaction>
        <code value="delete"/>
      </interaction>
    </resource>
  </rest>
</CapabilityStatement>