<?xml version="1.0" encoding="UTF-8"?>

<CommunicationRequest xmlns="http://hl7.org/fhir">
  <id value="cdex-task-inline-communicationrequest-example1"/>
  <text>
    <status value="generated"/><div xmlns="http://www.w3.org/1999/xhtml"><p class="res-header-id"><b>Generated Narrative: CommunicationRequest cdex-task-inline-communicationrequest-example1</b></p><a name="cdex-task-inline-communicationrequest-example1"> </a><a name="hccdex-task-inline-communicationrequest-example1"> </a><a name="cdex-task-inline-communicationrequest-example1-en-US"> </a><p><b>status</b>: Active</p><p><b>category</b>: <span title="Codes:{http://example.org/fhir/communication-category authorization}">authorization</span></p><p><b>priority</b>: Routine</p><p><b>subject</b>: <a href="http://example.org/fhir/Patient/cdex-example-patient">http://example.org/fhir/Patient/cdex-example-patient</a></p><p><b>about</b>: <a href="http://example.org/fhir/Claim/cdex-example-claim">http://example.org/fhir/Claim/cdex-example-claim</a></p><h3>Payloads</h3><table class="grid"><tr><td style="display: none">-</td><td><b>Content[x]</b></td></tr><tr><td style="display: none">*</td><td>Gather clinical information on Patient B from referring provider.</td></tr></table><p><b>occurrence</b>: 2020-10-27 09:34:53-0700</p><p><b>authoredOn</b>: 2020-10-27 09:34:53-0700</p><p><b>requester</b>: <a href="http://example.org/fhir/Organization/cdex-example-referred-to-provider">http://example.org/fhir/Organization/cdex-example-referred-to-provider</a></p><p><b>recipient</b>: <a href="http://example.org/fhir/Organization/cdex-example-referred-to-provider">http://example.org/fhir/Organization/cdex-example-referred-to-provider</a></p><p><b>sender</b>: <a href="http://example.org/fhir/Organization/cdex-example-referring-provider">http://example.org/fhir/Organization/cdex-example-referring-provider</a></p></div>
  </text>
  <status value="active"/>
  <category>
    <coding>
      <system value="http://example.org/fhir/communication-category"/>
      <code value="authorization"/>
    </coding>
  </category>
  <priority value="routine"/>
  <subject>
    <reference value="http://example.org/fhir/Patient/cdex-example-patient"/>
  </subject>
  <about>
    <reference value="http://example.org/fhir/Claim/cdex-example-claim"/>
  </about>
  <payload>
    <contentString value="Gather clinical information on Patient B from referring provider."/>
  </payload>
  <occurrenceDateTime value="2020-10-27T09:34:53-07:00"/>
  <authoredOn value="2020-10-27T09:34:53-07:00"/>
  <requester>
    <reference value="http://example.org/fhir/Organization/cdex-example-referred-to-provider"/>
  </requester>
  <recipient>
    <reference value="http://example.org/fhir/Organization/cdex-example-referred-to-provider"/>
  </recipient>
  <sender>
    <reference value="http://example.org/fhir/Organization/cdex-example-referring-provider"/>
  </sender>
</CommunicationRequest>