<?xml version="1.0" encoding="UTF-8"?>

<Condition xmlns="http://hl7.org/fhir">
  <id value="cdex-condition-inline-example-858"/>
  <text>
    <status value="generated"/><div xmlns="http://www.w3.org/1999/xhtml"><p class="res-header-id"><b>Generated Narrative: Condition cdex-condition-inline-example-858</b></p><a name="cdex-condition-inline-example-858"> </a><a name="hccdex-condition-inline-example-858"> </a><a name="cdex-condition-inline-example-858-en-US"> </a><p><b>identifier</b>: <code>urn:oid:1.3.6.1.4.1.22812.4.111.0.4.1.2.1</code>/1</p><p><b>clinicalStatus</b>: <span title="Codes:{http://terminology.hl7.org/CodeSystem/condition-clinical active}">Active</span></p><p><b>category</b>: <span title="Codes:{http://terminology.hl7.org/CodeSystem/condition-category problem-list-item}">Problem List Item</span></p><p><b>code</b>: <span title="Codes:{http://snomed.info/sct 44054006}">Type 2 Diabetes Mellitus</span></p><p><b>subject</b>: <a href="http://example.org/fhir/Patient/cdex-example-patient">http://example.org/fhir/Patient/cdex-example-patient</a></p><p><b>onset</b>: 2006</p><p><b>asserter</b>: <a href="http://example.org/fhir/PractitionerRole/126">http://example.org/fhir/PractitionerRole/126</a></p></div>
  </text>
  <identifier>
    <system value="urn:oid:1.3.6.1.4.1.22812.4.111.0.4.1.2.1"/>
    <value value="1"/>
  </identifier>
  <clinicalStatus>
    <coding>
      <system value="http://terminology.hl7.org/CodeSystem/condition-clinical"/>
      <code value="active"/>
    </coding>
  </clinicalStatus>
  <category>
    <coding>
      <system value="http://terminology.hl7.org/CodeSystem/condition-category"/>
      <code value="problem-list-item"/>
      <display value="Problem List Item"/>
    </coding>
    <text value="Problem List Item"/>
  </category>
  <code>
    <coding>
      <system value="http://snomed.info/sct"/>
      <code value="44054006"/>
      <display value="Type 2 Diabetes Mellitus"/>
    </coding>
  </code>
  <subject>
    <reference value="http://example.org/fhir/Patient/cdex-example-patient"/>
  </subject>
  <onsetDateTime value="2006"/>
  <asserter>
    <reference value="http://example.org/fhir/PractitionerRole/126"/>
  </asserter>
</Condition>