<?xml version="1.0" encoding="UTF-8"?>

<Provenance xmlns="http://hl7.org/fhir">
  <id value="cdex-provenance-inline-example-858"/>
  <text>
    <status value="generated"/><div xmlns="http://www.w3.org/1999/xhtml"><p class="res-header-id"><b>Generated Narrative: Provenance cdex-provenance-inline-example-858</b></p><a name="cdex-provenance-inline-example-858"> </a><a name="hccdex-provenance-inline-example-858"> </a><a name="cdex-provenance-inline-example-858-en-US"> </a><p>Provenance for <a href="Condition-cdex-condition-inline-example-858.html">Condition Type 2 Diabetes Mellitus</a></p><p>Summary</p><table class="grid"><tr><td>Recorded</td><td>2021-12-01 22:34:05-0800</td></tr></table><p><b>Agents</b></p><table class="grid"><tr><td><b>Type</b></td><td><b>who</b></td><td><b>On Behalf Of</b></td></tr><tr><td><span title="Codes:{http://terminology.hl7.org/CodeSystem/provenance-participant-type author}">Author</span></td><td><a href="http://example.org/fhir/Practitioner/123">http://example.org/fhir/Practitioner/123</a></td><td><a href="http://hl7.org/fhir/us/davinci-hrex/STU1.1/Organization-min.html">Organization New Health Plan</a></td></tr></table></div>
  </text>
  <target>
    <reference value="Condition/cdex-condition-inline-example-858"/>
  </target>
  <recorded value="2021-12-01T22:34:05-08:00"/>
  <agent>
    <type>
      <coding>
        <system value="http://terminology.hl7.org/CodeSystem/provenance-participant-type"/>
        <code value="author"/>
        <display value="Author"/>
      </coding>
    </type>
    <who>
      <reference value="http://example.org/fhir/Practitioner/123"/>
    </who>
    <onBehalfOf>
      <reference value="Organization/min"/>
    </onBehalfOf>
  </agent>
</Provenance>