<?xml version="1.0" encoding="UTF-8"?>

<Task xmlns="http://hl7.org/fhir">
  <id value="cdex-task-example6"/>
  <text>
    <status value="generated"/><div xmlns="http://www.w3.org/1999/xhtml"><p class="res-header-id"><b>Generated Narrative: Task cdex-task-example6</b></p><a name="cdex-task-example6"> </a><a name="hccdex-task-example6"> </a><a name="cdex-task-example6-en-US"> </a><p><b>status</b>: Requested</p><p><b>intent</b>: order</p><p><b>code</b>: <span title="Codes:{http://hl7.org/fhir/us/davinci-cdex/CodeSystem/cdex-temp data-request-code}">Data Request Code</span></p><p><b>for</b>: <a href="http://example.org/fhir/Patient/cdex-example-patient">http://example.org/fhir/Patient/cdex-example-patient</a></p><p><b>authoredOn</b>: 2020-10-27 11:05:34-0700</p><p><b>lastModified</b>: 2020-10-27 11:05:34-0700</p><p><b>requester</b>: <a href="http://example.org/fhir/Organization/cdex-example-payer">http://example.org/fhir/Organization/cdex-example-payer</a></p><p><b>owner</b>: <a href="http://example.org/fhir/Organization/cdex-example-provider">http://example.org/fhir/Organization/cdex-example-provider</a></p><blockquote><p><b>input</b></p><p><b>type</b>: <span title="Codes:{http://hl7.org/fhir/us/davinci-hrex/CodeSystem/hrex-temp data-code}">data code input</span></p><p><b>value</b>: <span title="Codes:{http://loinc.org 11506-3}">Progress notes</span></p></blockquote><blockquote><p><b>input</b></p><p><b>type</b>: <span title="Codes:{http://hl7.org/fhir/us/davinci-cdex/CodeSystem/cdex-temp purpose-of-use}">Purpose Of Use</span></p><p><b>value</b>: <span title="Codes:{http://terminology.hl7.org/CodeSystem/v3-ActReason COC}">coordination of care</span></p></blockquote></div>
  </text>
  <status value="requested"/>
  <intent value="order"/>
  <code>
    <coding>
      <system value="http://hl7.org/fhir/us/davinci-cdex/CodeSystem/cdex-temp"/>
      <code value="data-request-code"/>
    </coding>
  </code>
  <for>
    <reference value="http://example.org/fhir/Patient/cdex-example-patient"/>
  </for>
  <authoredOn value="2020-10-27T11:05:34-07:00"/>
  <lastModified value="2020-10-27T11:05:34-07:00"/>
  <requester>
    <reference value="http://example.org/fhir/Organization/cdex-example-payer"/>
  </requester>
  <owner>
    <reference value="http://example.org/fhir/Organization/cdex-example-provider"/>
  </owner>
  <input>
    <type>
      <coding>
        <system value="http://hl7.org/fhir/us/davinci-hrex/CodeSystem/hrex-temp"/>
        <code value="data-code"/>
      </coding>
    </type>
    <valueCodeableConcept>
      <coding>
        <system value="http://loinc.org"/>
        <code value="11506-3"/>
      </coding>
      <text value="Progress notes"/>
    </valueCodeableConcept>
  </input>
  <input>
    <type>
      <coding>
        <system value="http://hl7.org/fhir/us/davinci-cdex/CodeSystem/cdex-temp"/>
        <code value="purpose-of-use"/>
      </coding>
    </type>
    <valueCodeableConcept>
      <coding>
        <system value="http://terminology.hl7.org/CodeSystem/v3-ActReason"/>
        <code value="COC"/>
      </coding>
    </valueCodeableConcept>
  </input>
</Task>