<?xml version="1.0" encoding="UTF-8"?>

<Task xmlns="http://hl7.org/fhir">
  <status value="requested"/>
  <intent value="order"/>
  <code>
    <coding>
      <system value="http://hl7.org/fhir/us/davinci-cdex/CodeSystem/cdex-temp"/>
      <code value="data-request-code"/>
    </coding>
  </code>
  <for>
    <identifier>
      <type>
        <coding>
          <system value="http://terminology.hl7.org/CodeSystem/v2-0203"/>
          <code value="MB"/>
          <display value="Member Number"/>
        </coding>
        <text value="Member Number"/>
      </type>
      <system value="http://example.org/cdex/payer/member-ids"/>
      <value value="Member123"/>
    </identifier>
  </for>
  <authoredOn value="2020-10-26T02:58:55.179Z"/>
  <lastModified value="2020-10-26T02:58:55.179Z"/>
  <requester>
    <identifier>
      <system value="http://example.org/cdex/payer/payer-ids"/>
      <value value="Payer123"/>
    </identifier>
  </requester>
  <owner>
    <identifier>
      <system value="http://hl7.org/fhir/sid/us-npi"/>
      <value value="9941339108"/>
    </identifier>
  </owner>
  <reasonReference>
    <identifier>
      <type>
        <coding>
          <system value="http://terminology.hl7.org/CodeSystem/v2-0203"/>
          <code value="FILL"/>
          <display value="Filler Identifier"/>
        </coding>
        <text value="Payer Claim ID"/>
      </type>
      <system value="http://example.org/cdex/payer/claim-ids"/>
      <value value="Claim123"/>
    </identifier>
  </reasonReference>
  <input>
    <type>
      <coding>
        <system value="http://hl7.org/fhir/us/davinci-hrex/CodeSystem/hrex-temp"/>
        <code value="data-code"/>
      </coding>
    </type>
    <valueCodeableConcept>
      <text value="request for patient's active conditions"/>
    </valueCodeableConcept>
  </input>
  <input>
    <type>
      <coding>
        <system value="http://hl7.org/fhir/us/davinci-cdex/CodeSystem/cdex-temp"/>
        <code value="purpose-of-use"/>
      </coding>
    </type>
    <valueCodeableConcept>
      <coding>
        <system value="http://terminology.hl7.org/CodeSystem/v3-ActReason"/>
        <code value="COVERAGE"/>
      </coding>
    </valueCodeableConcept>
  </input>
</Task>