<?xml version="1.0" encoding="UTF-8"?>

<ValueSet xmlns="http://hl7.org/fhir">
  <id value="cdex-pwk01-attachment-report-type-code"/>
  <text>
    <status value="generated"/><div xmlns="http://www.w3.org/1999/xhtml"><p class="res-header-id"><b>Generated Narrative: ValueSet cdex-pwk01-attachment-report-type-code</b></p><a name="cdex-pwk01-attachment-report-type-code"> </a><a name="hccdex-pwk01-attachment-report-type-code"> </a><a name="cdex-pwk01-attachment-report-type-code-en-US"> </a><ul><li>Include all codes defined in <code>https://codesystem.x12.org/005010/755</code></li></ul></div>
  </text>
  <extension url="http://hl7.org/fhir/StructureDefinition/structuredefinition-wg">
    <valueCode value="claims"/>
  </extension>
  <extension url="http://hl7.org/fhir/StructureDefinition/structuredefinition-fmm">
    <valueInteger value="2">
      <extension url="http://hl7.org/fhir/StructureDefinition/structuredefinition-conformance-derivedFrom">
        <valueCanonical value="http://hl7.org/fhir/us/davinci-cdex/ImplementationGuide/hl7.fhir.us.davinci-cdex"/>
      </extension>
    </valueInteger>
  </extension>
  <extension url="http://hl7.org/fhir/StructureDefinition/structuredefinition-standards-status">
    <valueCode value="trial-use">
      <extension url="http://hl7.org/fhir/StructureDefinition/structuredefinition-conformance-derivedFrom">
        <valueCanonical value="http://hl7.org/fhir/us/davinci-cdex/ImplementationGuide/hl7.fhir.us.davinci-cdex"/>
      </extension>
    </valueCode>
  </extension>
  <url value="http://hl7.org/fhir/us/davinci-cdex/ValueSet/cdex-pwk01-attachment-report-type-code"/>
  <identifier>
    <system value="http://loinc.org"/>
    <value value="valid-hl7-attachment-requests"/>
  </identifier>
  <identifier>
    <system value="urn:ietf:rfc:3986"/>
    <value value="urn:oid:1.3.6.1.4.1.12009.10.2.6"/>
  </identifier>
  <version value="2.1.0"/>
  <name value="CDexPWK01AttachmentReportTypeCodeValueSet"/>
  <title value="CDex PWK01 Attachment Report Type Code Value Set"/>
  <status value="active"/>
  <experimental value="false"/>
  <date value="2024-05-10"/>
  <publisher value="HL7 International / Payer/Provider Information Exchange Work Group"/>
  <contact>
    <name value="HL7 International / Payer/Provider Information Exchange Work Group"/>
    <telecom>
      <system value="url"/>
      <value value="http://www.hl7.org/Special/committees/claims"/>
    </telecom>
    <telecom>
      <system value="email"/>
      <value value="pie@lists.hl7.org"/>
    </telecom>
  </contact>
  <description value="In addition to using LOINC attachment codes, a payer may request for additional information from the provider to support a prior authorization request using X12's PWK01 Attachment Report Type Code.&#xA;&#xA;Note that the PWK01 codes will not be published in due to X12 IP restrictions.&#xA;"/>
  <jurisdiction>
    <coding>
      <system value="urn:iso:std:iso:3166"/>
      <code value="US"/>
    </coding>
  </jurisdiction>
  <copyright value="All X12 work products are copyrighted. Any use of any X12 work product must be compliant with US Copyright laws and X12 Intellectual Property policies.&#xD;&#xA;&#xD;&#xA;Please see [https://x12.org/products/licensing-program](https://x12.org/products/licensing-program)"/>
  <compose>
    <include>
      <system value="https://codesystem.x12.org/005010/755"/>
    </include>
  </compose>
</ValueSet>