<?xml version="1.0" encoding="UTF-8"?><ValueSet xmlns="http://hl7.org/fhir"><id value="cdex-data-request-task-code"/><text><status value="extensions"/><div xmlns="http://www.w3.org/1999/xhtml"><p class="res-header-id"><b>Generated Narrative: ValueSet cdex-data-request-task-code</b></p><a name="cdex-data-request-task-code"> </a><a name="hccdex-data-request-task-code"> </a><a name="cdex-data-request-task-code-en-US"> </a><ul><li>Include these codes as defined in <a href="CodeSystem-cdex-temp.html"><code>http://hl7.org/fhir/us/davinci-cdex/CodeSystem/cdex-temp</code></a><table class="none"><tr><td style="white-space:nowrap"><b>Code</b></td><td><b>Display</b></td><td><b>Definition</b></td></tr><tr><td><a href="CodeSystem-cdex-temp.html#cdex-temp-data-request-code">data-request-code</a></td><td style="color: #cccccc">Data Request Code</td><td>A Task requesting data using a code.</td></tr><tr><td><a href="CodeSystem-cdex-temp.html#cdex-temp-data-request-query">data-request-query</a></td><td style="color: #cccccc">Data Request Query</td><td>A Task requesting data using FHIR query syntax.</td></tr><tr><td><a href="CodeSystem-cdex-temp.html#cdex-temp-data-request-questionnaire">data-request-questionnaire</a></td><td style="color: #cccccc">Data Request Questionnaire</td><td>A Task requesting data using a data request questionnaire ([FHIR Questionnaire](http://hl7.org/fhir/questionnaire.html)).</td></tr></table></li></ul></div></text><extension url="http://hl7.org/fhir/StructureDefinition/structuredefinition-standards-status"><valueCode value="trial-use"/></extension><extension url="http://hl7.org/fhir/StructureDefinition/structuredefinition-fmm"><valueInteger value="1"/></extension><extension url="http://hl7.org/fhir/StructureDefinition/structuredefinition-wg"><valueCode value="claims"/></extension><url value="http://hl7.org/fhir/us/davinci-cdex/ValueSet/cdex-data-request-task-code"/><identifier><system value="urn:ietf:rfc:3986"/><value value="urn:oid:2.16.840.1.113883.4.642.40.21.48.3"/></identifier><version value="2.1.0"/><name value="CDexDataRequestTaskCode"/><title value="CDex Data Request Task Code Value Set"/><status value="active"/><experimental value="false"/><date value="2022-12-23"/><publisher value="HL7 International / Payer/Provider Information Exchange Work Group"/><contact><name value="HL7 International / Payer/Provider Information Exchange Work Group"/><telecom><system value="url"/><value value="http://www.hl7.org/Special/committees/claims"/></telecom><telecom><system value="email"/><value value="pie@lists.hl7.org"/></telecom></contact><description value="Codes used to identify the type of data request. It includes the codes “data-request-query”, “data-request-code”, and “data-request-questionnaire”."/><jurisdiction><coding><system value="urn:iso:std:iso:3166"/><code value="US"/></coding></jurisdiction><copyright value="Used by permission of HL7 International all rights reserved Creative Commons License"/><compose><include><system value="http://hl7.org/fhir/us/davinci-cdex/CodeSystem/cdex-temp"/><concept><code value="data-request-code"/></concept><concept><code value="data-request-query"/></concept><concept><code value="data-request-questionnaire"/></concept></include></compose></ValueSet>