<?xml version="1.0" encoding="UTF-8"?><ValueSet xmlns="http://hl7.org/fhir"><id value="cdex-identifier-types"/><text><status value="extensions"/><div xmlns="http://www.w3.org/1999/xhtml"><p class="res-header-id"><b>Generated Narrative: ValueSet cdex-identifier-types</b></p><a name="cdex-identifier-types"> </a><a name="hccdex-identifier-types"> </a><a name="cdex-identifier-types-en-US"> </a><ul><li>Include these codes as defined in <a href="http://terminology.hl7.org/5.5.0/CodeSystem-v2-0203.html"><code>http://terminology.hl7.org/CodeSystem/v2-0203</code></a><table class="none"><tr><td style="white-space:nowrap"><b>Code</b></td><td><b>Display</b></td><td><b>Definition</b></td></tr><tr><td><a href="http://terminology.hl7.org/5.5.0/CodeSystem-v2-0203.html#v2-0203-TAX">TAX</a></td><td style="color: #cccccc">Tax ID number</td><td>Tax ID number</td></tr><tr><td><a href="http://terminology.hl7.org/5.5.0/CodeSystem-v2-0203.html#v2-0203-NPI">NPI</a></td><td style="color: #cccccc">National provider identifier</td><td>National provider identifier</td></tr></table></li></ul></div></text><extension url="http://hl7.org/fhir/StructureDefinition/structuredefinition-wg"><valueCode value="claims"/></extension><extension url="http://hl7.org/fhir/StructureDefinition/structuredefinition-fmm"><valueInteger value="2"><extension url="http://hl7.org/fhir/StructureDefinition/structuredefinition-conformance-derivedFrom"><valueCanonical value="http://hl7.org/fhir/us/davinci-cdex/ImplementationGuide/hl7.fhir.us.davinci-cdex"/></extension></valueInteger></extension><extension url="http://hl7.org/fhir/StructureDefinition/structuredefinition-standards-status"><valueCode value="trial-use"><extension url="http://hl7.org/fhir/StructureDefinition/structuredefinition-conformance-derivedFrom"><valueCanonical value="http://hl7.org/fhir/us/davinci-cdex/ImplementationGuide/hl7.fhir.us.davinci-cdex"/></extension></valueCode></extension><url value="http://hl7.org/fhir/us/davinci-cdex/ValueSet/cdex-identifier-types"/><identifier><system value="urn:ietf:rfc:3986"/><value value="urn:oid:2.16.840.1.113883.4.642.40.21.48.4"/></identifier><version value="2.1.0"/><name value="CDexIdentifierTypes"/><title value="CDex Identifier Types Value Set"/><status value="active"/><experimental value="false"/><date value="2022-10-24"/><publisher value="HL7 International / Payer/Provider Information Exchange Work Group"/><contact><name value="HL7 International / Payer/Provider Information Exchange Work Group"/><telecom><system value="url"/><value value="http://www.hl7.org/Special/committees/claims"/></telecom><telecom><system value="email"/><value value="pie@lists.hl7.org"/></telecom></contact><description value="Identifier types for providers and organizations. It includes the codes “TAX” and “NPI”."/><jurisdiction><coding><system value="urn:iso:std:iso:3166"/><code value="US"/></coding></jurisdiction><copyright value="Used by permission of HL7 International all rights reserved Creative Commons License"/><compose><include><system value="http://terminology.hl7.org/CodeSystem/v2-0203"/><concept><code value="TAX"/></concept><concept><code value="NPI"/></concept></include></compose></ValueSet>